,2021 - Multi-state Hemp Dual Purpose Trial (MHDPT) ,,,,,,,,,,,,,,,,,,,,,,,,,,,,,,,,,
,,,,,,,,,,,,,,,,,,,,,,,,,,Record Disease  and Insect Information if Present,,,,,,,,Notes: 
,,,,,,Grain Yield,Grain Yield,Dry Straw Yield,Dry Straw Yield,Plant Population at Establishment,Plant Population at Establishment,Plant Population at Harvest,Plant Population at Harvest,Total Plant Height at Harvest ,Total Plant Height at Harvest ,Stem Diameter at Harvest ,Stem Diameter at Harvest ,Time to 50%  flower (Male),Time to 50%  flower (Female Monoeciuos)  ,Male:Female,Harvest Moisture ,Protein Content ,Oil Content ,1000 Kernal Weight,Lodging,Hemp Leaf Spot ,Powdery Mildew ,Cercospora Leaf Spot ,Southern Blight,Fusarium Head Blight ,Russet Mites ,Corn Ear Worm,Hemp Borer ,
Site,Variety / Line,Rep,Entry,Plot #,,grams/m2,lbs./A,grams/m2,lbs./A,# plants/m2 ,plants/A,# plantsm2 ,plants/A,Mean (cm),SD (cm),Mean (mm),SD (mm),Days,Days ,,%,,,grams,(0-9),,,,,,,,,
Cornell, Altair,1,,107,,165.6,1478,293.9,2623,181.5,,136.7,734848,,,,,,,,,,,,,,,,,,,,,
Cornell, Altair,2,,212,,138.1,1233,346.3,3091,180,,134,728620,,,,,,,,,,,,,,,,,,,,,
Cornell, Altair,3,,310,,190.2,1697,366.4,3270,132.3,,151,535567,,,,,,,,,,,,,,,,,,,,,
Cornell, Altair,4,,411,,171.7,1533,333.6,2977,135.4,,142,548022,,,,,,,,,,,,,,,,,,,,,
Cornell,Anka,1,,108,,166.8,1489,321.7,2871,169.2,,142.3,685028,,,,,,,,,,,,,,,,,,,,,
Cornell,Anka,2,,206,,168.9,1507,533.2,4759,195.4,,161,790896,,,,,,,,,,,,,,,,,,,,,
Cornell,Anka,3,,312,,152,1357,320.5,2860,187.7,,152.7,759758,,,,,,,,,,,,,,,,,,,,,
Cornell,Anka,4,,413,,164.8,1470,266.8,2381,155.4,,145.3,628980,,,,,,,,,,,,,,,,,,,,,
Cornell,Bialobrzeskie,1,,104,,146.7,1309,163.1,1456,96.9,,119.7,392334,,,,,,,,,,,,,,,,,,,,,
Cornell,Bialobrzeskie,2,,208,,179.9,1606,259.4,2315,84.6,,151,342514,,,,,,,,,,,,,,,,,,,,,
Cornell,Bialobrzeskie,3,,304,,114.8,1024,237.3,2118,98.5,,141.7,398562,,,,,,,,,,,,,,,,,,,,,
Cornell,Bialobrzeskie,4,,408,,159,1419,407,3632,150.8,,157.7,610297,,,,,,,,,,,,,,,,,,,,,
Cornell,CFX1,1,,103,,83.2,743,76.2,680,155.4,,66,628980,,,,,,,,,,,,,,,,,,,,,
Cornell,CFX1,2,,204,,110.2,984,91.4,816,124.6,,78,504430,,,,,,,,,,,,,,,,,,,,,
Cornell,CFX1,3,,313,,110.7,988,91,812,143.1,,86.3,579160,,,,,,,,,,,,,,,,,,,,,
Cornell,CFX1,4,,410,,182.4,1628,141.8,1266,113.8,,86.3,460837,,,,,,,,,,,,,,,,,,,,,
Cornell,CRS1,1,,110,,175,1562,166.8,1489,132.3,,100.3,535567,,,,,,,,,,,,,,,,,,,,,
Cornell,CRS1,2,,210,,161.1,1438,169.7,1514,120,,115.3,485747,,,,,,,,,,,,,,,,,,,,,
Cornell,CRS1,3,,306,,179.1,1598,200,1785,143.1,,114.7,579160,,,,,,,,,,,,,,,,,,,,,
Cornell,CRS1,4,,407,,204.9,1829,232.8,2078,104.6,,119,423472,,,,,,,,,,,,,,,,,,,,,
Cornell,Henola,1,,106,,202,1803,359,3204,178.4,,108.7,722393,,,,,,,,,,,,,,,,,,,,,
Cornell,Henola,2,,209,,195.5,1745,345.9,3087,187.7,,121,759758,,,,,,,,,,,,,,,,,,,,,
Cornell,Henola,3,,303,,135.7,1211,213.1,1902,201.5,,112,815806,,,,,,,,,,,,,,,,,,,,,
Cornell,Henola,4,,402,,170.5,1522,238.5,2129,166.1,,116.3,672573,,,,,,,,,,,,,,,,,,,,,
Cornell,Hlesia,1,,101,,96.3,860,289.3,2582,195.4,,107,790896,,,,,,,,,,,,,,,,,,,,,
Cornell,Hlesia,2,,201,,77,688,232,2070,210.7,,107.3,853171,,,,,,,,,,,,,,,,,,,,,
Cornell,Hlesia,3,,302,,77.5,691,283.2,2528,204.6,,120.7,828261,,,,,,,,,,,,,,,,,,,,,
Cornell,Hlesia,4,,412,,123,1097,261.9,2337,180,,128.3,728620,,,,,,,,,,,,,,,,,,,,,
Cornell,Hliana,1,,112,,99.6,889,178.7,1595,113.8,,115.7,460837,,,,,,,,,,,,,,,,,,,,,
Cornell,Hliana,2,,207,,65.2,582,206.1,1840,115.4,,140.3,467064,,,,,,,,,,,,,,,,,,,,,
Cornell,Hliana,3,,307,,62.7,560,206.6,1844,109.2,,133,442154,,,,,,,,,,,,,,,,,,,,,
Cornell,Hliana,4,,409,,89.8,801,262.3,2341,67.7,,162.7,274011,,,,,,,,,,,,,,,,,,,,,
Cornell,Hlukauskii 51,1,,105,,82.8,739,270.5,2414,180,,123.3,728620,,,,,,,,,,,,,,,,,,,,,
Cornell,Hlukauskii 51,2,,213,,70.9,633,323.4,2886,215.4,,125.7,871853,,,,,,,,,,,,,,,,,,,,,
Cornell,Hlukauskii 51,3,,309,,75,669,400.4,3574,135.4,,146.7,548022,,,,,,,,,,,,,,,,,,,,,
Cornell,Hlukauskii 51,4,,404,,89.8,801,380.3,3394,210.7,,135.3,853171,,,,,,,,,,,,,,,,,,,,,
Cornell,Katani,1,,102,,78.7,702,66.4,593,170.8,,50.7,691255,,,,,,,,,,,,,,,,,,,,,
Cornell,Katani,2,,211,,93,830,66.4,593,190.7,,75.3,772213,,,,,,,,,,,,,,,,,,,,,
Cornell,Katani,3,,311,,98,874,70.5,629,172.3,,83.7,697483,,,,,,,,,,,,,,,,,,,,,
Cornell,Katani,4,,406,,93,830,82.4,735,124.6,,79,504430,,,,,,,,,,,,,,,,,,,,,
Cornell,NWG2730,1,,111,,159.8,1427,463.1,4133,116.9,,157,473292,,,,,,,,,,,,,,,,,,,,,
Cornell,NWG2730,2,,205,,104.5,933,441,3936,141.5,,168,572932,,,,,,,,,,,,,,,,,,,,,
Cornell,NWG2730,3,,308,,172.1,1536,530.7,4737,101.5,,179.7,411017,,,,,,,,,,,,,,,,,,,,,
Cornell,NWG2730,4,,401,,106.6,951,451.6,4031,150.8,,149.7,610297,,,,,,,,,,,,,,,,,,,,,
Cornell,NWG452,1,,113,,153.7,1372,276.2,2465,198.4,,138.7,803351,,,,,,,,,,,,,,,,,,,,,
Cornell,NWG452,2,,202,,115.6,1032,281.6,2513,230.7,,135.3,934129,,,,,,,,,,,,,,,,,,,,,
Cornell,NWG452,3,,305,,107.4,958,293.9,2623,524.6,,172,2123586,,,,,,,,,,,,,,,,,,,,,
Cornell,NWG452,4,,403,,120.5,1075,316,2820,207.7,,154,840716,,,,,,,,,,,,,,,,,,,,,
Cornell,X59,1,,109,,178.3,1591,91.8,819,86.1,,78.3,348741,,,,,,,,,,,,,,,,,,,,,
Cornell,X59,2,,203,,104.9,936,86.1,768,87.7,,83.7,354969,,,,,,,,,,,,,,,,,,,,,
Cornell,X59,3,,301,,69.3,618,65.6,585,95.4,,73.3,386107,,,,,,,,,,,,,,,,,,,,,
Cornell,X59,4,,405,,159.4,1423,138.9,1240,69.2,,107.7,280239,,,,,,,,,,,,,,,,,,,,,
Kansas_Lexington, Altair,1,108,,,12.8,87.433542,102.39,690.4573281,,,30,121405.6926,,,,,,,,,,,,,,,,,,,,,
Kansas_Lexington, Altair,1,214,,,23.76,185.2163604,123.3,877.011957,,,27,109265.1233,,,,,,,,,,,,,,,,,,,,,
Kansas_Lexington, Altair,1,304,,,15.56,112.0576824,87.19,554.8461201,,,19,76890.27198,,,,,,,,,,,,,,,,,,,,,
Kansas_Lexington, Altair,1,409,,,12,80.29611,82.02,508.7204658,,,28,113311.9798,,,,,,,,,,,,,,,,,,,,,
Kansas_Lexington, Altair,2,108,,,11.55,76.2813045,110.08,759.0658932,,,22,89030.84124,,,,,,,,,,,,,,,,,,,,,
Kansas_Lexington, Altair,2,214,,,21.22,162.5550138,117.79,827.8528941,,,18,72843.41556,,,,,,,,,,,,,,,,,,,,,
Kansas_Lexington, Altair,2,304,,,14.57,103.2251103,84.5,530.846505,,,20,80937.1284,,,,,,,,,,,,,,,,,,,,,
Kansas_Lexington, Altair,2,409,,,10.53,67.1810787,117.57,825.8901003,,,37,149733.6875,,,,,,,,,,,,,,,,,,,,,
Kansas_Lexington,Anka,1,110,,,30.06,241.4236374,72.15,420.6623985,,,8,32374.85136,,,,,,,,,,,,,,,,,,,,,
Kansas_Lexington,Anka,1,212,,,16.82,123.2991378,86.18,545.8351122,,,34,137593.1183,,,,,,,,,,,,,,,,,,,,,
Kansas_Lexington,Anka,1,302,,,34.74,283.1776146,123.88,882.1865952,,,18,72843.41556,,,,,,,,,,,,,,,,,,,,,
Kansas_Lexington,Anka,1,406,,,21.72,167.0159088,93.32,609.5366928,,,19,76890.27198,,,,,,,,,,,,,,,,,,,,,
Kansas_Lexington,Anka,2,110,,,21.41,164.2501539,79.35,484.8992865,,,10,40468.5642,,,,,,,,,,,,,,,,,,,,,
Kansas_Lexington,Anka,2,212,,,15.46,111.1655034,89.64,576.7045056,,,32,129499.4054,,,,,,,,,,,,,,,,,,,,,
Kansas_Lexington,Anka,2,302,,,19.58,147.9232782,102.21,688.8514059,,,27,109265.1233,,,,,,,,,,,,,,,,,,,,,
Kansas_Lexington,Anka,2,406,,,24.97,196.0117263,137.5,1003.701375,,,36,145686.8311,,,,,,,,,,,,,,,,,,,,,
Kansas_Lexington,Bialobrzeskie,1,107,,,16.43,119.8196397,96.19,635.1422301,,,8,32374.85136,,,,,,,,,,,,,,,,,,,,,
Kansas_Lexington,Bialobrzeskie,1,202,,,36.53,299.1476187,69.55,397.4657445,,,13,52609.13346,,,,,,,,,,,,,,,,,,,,,
Kansas_Lexington,Bialobrzeskie,1,309,,,14.87,105.9016473,95.79,631.5735141,,,10,40468.5642,,,,,,,,,,,,,,,,,,,,,
Kansas_Lexington,Bialobrzeskie,1,413,,,14.54,102.9574566,68.57,388.7223903,,,13,52609.13346,,,,,,,,,,,,,,,,,,,,,
Kansas_Lexington,Bialobrzeskie,2,107,,,10.98,71.1958842,74.97,445.8218463,,,8,32374.85136,,,,,,,,,,,,,,,,,,,,,
Kansas_Lexington,Bialobrzeskie,2,202,,,14.33,101.0838807,100.35,672.2568765,,,16,64749.70272,,,,,,,,,,,,,,,,,,,,,
Kansas_Lexington,Bialobrzeskie,2,309,,,9.68,59.5975572,71.24,412.5435696,,,11,44515.42062,,,,,,,,,,,,,,,,,,,,,
Kansas_Lexington,Bialobrzeskie,2,413,,,15.28,109.5595812,69.89,400.4991531,,,16,64749.70272,,,,,,,,,,,,,,,,,,,,,
Kansas_Lexington,CFX1,1,114,,,7,35.68716,28.81,33.9920199,,,11,44515.42062,,,,,,,,,,,,,,,,,,,,,
Kansas_Lexington,CFX1,1,211,,,3.5,4.460895,25.09,0.8029611,,,7,28327.99494,,,,,,,,,,,,,,,,,,,,,
Kansas_Lexington,CFX1,1,308,,,4.03,9.1894437,28.72,33.1890588,,,8,32374.85136,,,,,,,,,,,,,,,,,,,,,
Kansas_Lexington,CFX1,1,407,,,4.04,9.2786616,29.37,38.9882223,,,11,44515.42062,,,,,,,,,,,,,,,,,,,,,
Kansas_Lexington,CFX1,2,114,,,7.36,38.8990044,36.97,106.7938263,,,14,56655.98988,,,,,,,,,,,,,,,,,,,,,
Kansas_Lexington,CFX1,2,211,,,3.28,2.4981012,253,2034.16812,,,4,16187.42568,,,,,,,,,,,,,,,,,,,,,
Kansas_Lexington,CFX1,2,308,,,4.91,17.0406189,32.99,71.2851021,,,23,93077.69766,,,,,,,,,,,,,,,,,,,,,
Kansas_Lexington,CFX1,2,407,,,5.69,23.9996151,23.81,-10.6169301,,,4,16187.42568,,,,,,,,,,,,,,,,,,,,,
Kansas_Lexington,CRS1,1,104,,,10.94,70.8390126,30.22,46.5717438,,,8,32374.85136,,,,,,,,,,,,,,,,,,,,,
Kansas_Lexington,CRS1,1,205,,,8.15,45.9472185,49.1,215.015139,,,10,40468.5642,,,,,,,,,,,,,,,,,,,,,
Kansas_Lexington,CRS1,1,310,,,5.51,22.3936929,42.72,158.0941188,,,23,93077.69766,,,,,,,,,,,,,,,,,,,,,
Kansas_Lexington,CRS1,1,405,,,4.59,14.1856461,31.96,62.0956584,,,6,24281.13852,,,,,,,,,,,,,,,,,,,,,
Kansas_Lexington,CRS1,2,104,,,20.8,158.807862,43.61,166.0345119,,,6,24281.13852,,,,,,,,,,,,,,,,,,,,,
Kansas_Lexington,CRS1,2,205,,,12.69,86.4521451,39.44,128.8306476,,,12,48562.27704,,,,,,,,,,,,,,,,,,,,,
Kansas_Lexington,CRS1,2,310,,,5.6,23.196654,33,71.37432,,,9,36421.70778,,,,,,,,,,,,,,,,,,,,,
Kansas_Lexington,CRS1,2,405,,,18.88,141.6780252,38.93,124.2805347,,,1,4046.85642,,,,,,,,,,,,,,,,,,,,,
Kansas_Lexington,Henola ,1,113,,,30.3,243.564867,118.12,830.7970848,,,38,153780.544,,,,,,,,,,,,,,,,,,,,,
Kansas_Lexington,Henola ,1,210,,,8.86,52.2816894,71.07,411.0268653,,,38,153780.544,,,,,,,,,,,,,,,,,,,,,
Kansas_Lexington,Henola ,1,306,,,28.73,229.5576567,94.68,621.6703272,,,29,117358.8362,,,,,,,,,,,,,,,,,,,,,
Kansas_Lexington,Henola ,1,402,,,49.13,411.5621727,70.4,405.049266,,,27,109265.1233,,,,,,,,,,,,,,,,,,,,,
Kansas_Lexington,Henola ,2,113,,,32.48,263.0143692,97.68,648.4356972,,,36,145686.8311,,,,,,,,,,,,,,,,,,,,,
Kansas_Lexington,Henola ,2,210,,,14.92,106.3477368,73.47,432.4391613,,,36,145686.8311,,,,,,,,,,,,,,,,,,,,,
Kansas_Lexington,Henola ,2,306,,,25.01,196.3685979,96.62,638.9785998,,,32,129499.4054,,,,,,,,,,,,,,,,,,,,,
Kansas_Lexington,Henola ,2,402,,,35.63,291.1180077,56.33,279.5196807,,,29,117358.8362,,,,,,,,,,,,,,,,,,,,,
Kansas_Lexington,Hlesia,1,101,,,10.47,66.6457713,82.36,511.7538744,,,19,76890.27198,,,,,,,,,,,,,,,,,,,,,
Kansas_Lexington,Hlesia,1,206,,,8.16,46.0364364,64.45,351.9646155,,,17,68796.55914,,,,,,,,,,,,,,,,,,,,,
Kansas_Lexington,Hlesia,1,313,,,6.81,33.9920199,46.28,189.8556912,,,26,105218.2669,,,,,,,,,,,,,,,,,,,,,
Kansas_Lexington,Hlesia,1,401,,,16.84,123.4775736,61.7,327.429693,,,13,52609.13346,,,,,,,,,,,,,,,,,,,,,
Kansas_Lexington,Hlesia,2,101,,,9.39,57.0102381,71.58,415.5769782,,,20,80937.1284,,,,,,,,,,,,,,,,,,,,,
Kansas_Lexington,Hlesia,2,206,,,7.21,37.5607359,69.71,398.8932309,,,26,105218.2669,,,,,,,,,,,,,,,,,,,,,
Kansas_Lexington,Hlesia,2,313,,,5.9,25.873191,62.24,332.2474596,,,35,141639.9747,,,,,,,,,,,,,,,,,,,,,
Kansas_Lexington,Hlesia,2,401,,,11.47,75.5675613,59.12,304.4114748,,,17,68796.55914,,,,,,,,,,,,,,,,,,,,,
Kansas_Lexington,Hliana,1,112,,,5.82,25.1594478,44.18,171.1199322,,,13,52609.13346,,,,,,,,,,,,,,,,,,,,,
Kansas_Lexington,Hliana,1,213,,,6.08,27.4791132,46.89,195.2979831,,,13,52609.13346,,,,,,,,,,,,,,,,,,,,,
Kansas_Lexington,Hliana,1,311,,,3.11,0.9813969,26.17,10.4384943,,,3,12140.56926,,,,,,,,,,,,,,,,,,,,,
Kansas_Lexington,Hliana,1,412,,,5.5,22.304475,31.13,54.6905727,,,8,32374.85136,,,,,,,,,,,,,,,,,,,,,
Kansas_Lexington,Hliana,2,112,,,7.73,42.2000667,40.61,139.2691419,,,7,28327.99494,,,,,,,,,,,,,,,,,,,,,
Kansas_Lexington,Hliana,2,213,,,11.28,73.8724212,53.79,256.8583341,,,13,52609.13346,,,,,,,,,,,,,,,,,,,,,
Kansas_Lexington,Hliana,2,311,,,3.66,5.8883814,28.74,33.3674946,,,4,16187.42568,,,,,,,,,,,,,,,,,,,,,
Kansas_Lexington,Hliana,2,412,,,5.46,21.9476034,33.81,78.6009699,,,13,52609.13346,,,,,,,,,,,,,,,,,,,,,
Kansas_Lexington,Hlukauskii 51,1,102,,,18.57,138.9122703,71.58,415.5769782,,,19,76890.27198,,,,,,,,,,,,,,,,,,,,,
Kansas_Lexington,Hlukauskii 51,1,201,,,12.14,81.5451606,58.46,298.5230934,,,21,84983.98482,,,,,,,,,,,,,,,,,,,,,
Kansas_Lexington,Hlukauskii 51,1,307,,,5.35,20.9662065,68.11,384.6183669,,,19,76890.27198,,,,,,,,,,,,,,,,,,,,,
Kansas_Lexington,Hlukauskii 51,1,414,,,16.61,121.4255619,41.1,143.640819,,,17,68796.55914,,,,,,,,,,,,,,,,,,,,,
Kansas_Lexington,Hlukauskii 51,2,102,,,12.75,86.9874525,70.8,408.617982,,,16,64749.70272,,,,,,,,,,,,,,,,,,,,,
Kansas_Lexington,Hlukauskii 51,2,201,,,13.83,96.6229857,70.19,403.1756901,,,29,117358.8362,,,,,,,,,,,,,,,,,,,,,
Kansas_Lexington,Hlukauskii 51,2,307,,,6.41,30.4233039,66.48,370.0758492,,,23,93077.69766,,,,,,,,,,,,,,,,,,,,,
Kansas_Lexington,Hlukauskii 51,2,414,,,24.22,189.3203838,59.43,307.1772297,,,25,101171.4105,,,,,,,,,,,,,,,,,,,,,
Kansas_Lexington,Katani,1,103,,,5.1,18.735759,65.71,363.2060709,,,4,16187.42568,,,,,,,,,,,,,,,,,,,,,
Kansas_Lexington,Katani,1,203,,,7.54,40.5049266,25.1,0.892179,,,10,40468.5642,,,,,,,,,,,,,,,,,,,,,
Kansas_Lexington,Katani,1,301,,,4.76,15.7023504,25.39,3.4794981,,,5,20234.2821,,,,,,,,,,,,,,,,,,,,,
Kansas_Lexington,Katani,1,411,,,4.02,9.1002258,24,-8.92179,,,4,16187.42568,,,,,,,,,,,,,,,,,,,,,
Kansas_Lexington,Katani,2,103,,,4.5,13.382685,23.76,-11.0630196,,,4,16187.42568,,,,,,,,,,,,,,,,,,,,,
Kansas_Lexington,Katani,2,203,,,3.12,1.0706148,23.11,-16.8621831,,,3,12140.56926,,,,,,,,,,,,,,,,,,,,,
Kansas_Lexington,Katani,2,301,,,3.01,0.0892179,23.57,-12.7581597,,,1,4046.85642,,,,,,,,,,,,,,,,,,,,,
Kansas_Lexington,Katani,2,411,,,3.05,0.4460895,23.86,-10.1708406,,,3,12140.56926,,,,,,,,,,,,,,,,,,,,,
Kansas_Lexington,NWG331,1,109,,,10.57,67.5379503,73.82,435.5617878,,,15,60702.8463,,,,,,,,,,,,,,,,,,,,,
Kansas_Lexington,NWG331,1,204,,,37.09,304.1438211,139.36,1020.295904,,,23,93077.69766,,,,,,,,,,,,,,,,,,,,,
Kansas_Lexington,NWG331,1,312,,,24.06,187.8928974,107.66,737.4751614,,,22,89030.84124,,,,,,,,,,,,,,,,,,,,,
Kansas_Lexington,NWG331,1,404,,,19.48,147.0310992,89.12,572.0651748,,,19,76890.27198,,,,,,,,,,,,,,,,,,,,,
Kansas_Lexington,NWG331,2,109,,,23.79,185.4840141,115.24,805.1023296,,,18,72843.41556,,,,,,,,,,,,,,,,,,,,,
Kansas_Lexington,NWG331,2,204,,,29.29,234.5538591,133.3,966.229857,,,15,60702.8463,,,,,,,,,,,,,,,,,,,,,
Kansas_Lexington,NWG331,2,312,,,16.98,124.7266242,68.02,383.8154058,,,15,60702.8463,,,,,,,,,,,,,,,,,,,,,
Kansas_Lexington,NWG331,2,404,,,40.49,334.4779071,137.74,1005.842605,,,16,64749.70272,,,,,,,,,,,,,,,,,,,,,
Kansas_Lexington,NWG2730,1,106,,,123.96,1079.179718,145.12,1071.685415,,,14,56655.98988,,,,,,,,,,,,,,,,,,,,,
Kansas_Lexington,NWG2730,1,209,,,35.48,289.7797392,100.33,672.0784407,,,14,56655.98988,,,,,,,,,,,,,,,,,,,,,
Kansas_Lexington,NWG2730,1,305,,,43.88,364.7227752,131.89,953.6501331,,,15,60702.8463,,,,,,,,,,,,,,,,,,,,,
Kansas_Lexington,NWG2730,1,408,,,38.86,319.9353894,98.29,653.8779891,,,15,60702.8463,,,,,,,,,,,,,,,,,,,,,
Kansas_Lexington,NWG2730,2,106,,,84.89,730.6053831,130.81,944.0145999,,,14,56655.98988,,,,,,,,,,,,,,,,,,,,,
Kansas_Lexington,NWG2730,2,209,,,35.83,292.9023657,119.28,841.1463612,,,18,72843.41556,,,,,,,,,,,,,,,,,,,,,
Kansas_Lexington,NWG2730,2,305,,,55.02,464.1115158,174.74,1335.948835,,,13,52609.13346,,,,,,,,,,,,,,,,,,,,,
Kansas_Lexington,NWG2730,2,408,,,49.67,416.3799393,116,811.88289,,,16,64749.70272,,,,,,,,,,,,,,,,,,,,,
Kansas_Lexington,NWG452,1,111,,,15.69,113.2175151,49.02,214.3013958,,,14,56655.98988,,,,,,,,,,,,,,,,,,,,,
Kansas_Lexington,NWG452,1,208,,,14.76,104.9202504,64.97,356.6039463,,,12,48562.27704,,,,,,,,,,,,,,,,,,,,,
Kansas_Lexington,NWG452,1,314,,,19.32,145.6036128,67.39,378.1946781,,,11,44515.42062,,,,,,,,,,,,,,,,,,,,,
Kansas_Lexington,NWG452,1,403,,,27.17,215.6396643,83.12,518.5344348,,,10,40468.5642,,,,,,,,,,,,,,,,,,,,,
Kansas_Lexington,NWG452,2,111,,,20.52,156.3097608,63.23,341.0800317,,,17,68796.55914,,,,,,,,,,,,,,,,,,,,,
Kansas_Lexington,NWG452,2,208,,,20.77,158.5402083,110.62,763.8836598,,,19,76890.27198,,,,,,,,,,,,,,,,,,,,,
Kansas_Lexington,NWG452,2,314,,,26.63,210.8218977,108.49,744.8802471,,,14,56655.98988,,,,,,,,,,,,,,,,,,,,,
Kansas_Lexington,NWG452,2,403,,,18.59,139.0907061,117.21,822.6782559,,,18,72843.41556,,,,,,,,,,,,,,,,,,,,,
Kansas_Lexington,X59,1,105,,,28.43,226.8811197,29.96,44.2520784,,,5,20234.2821,,,,,,,,,,,,,,,,,,,,,
Kansas_Lexington,X59,1,207,,,14.55,103.0466745,33.86,79.0470594,,,13,52609.13346,,,,,,,,,,,,,,,,,,,,,
Kansas_Lexington,X59,1,303,,,11.87,79.1362773,26.82,16.2376578,,,6,24281.13852,,,,,,,,,,,,,,,,,,,,,
Kansas_Lexington,X59,1,410,,,34.08,277.2892332,32.71,68.7870009,,,16,64749.70272,,,,,,,,,,,,,,,,,,,,,
Kansas_Lexington,X59,2,105,,,39.73,327.6973467,41.53,147.4771887,,,11,44515.42062,,,,,,,,,,,,,,,,,,,,,
Kansas_Lexington,X59,2,207,,,10.52,67.0918608,32.55,67.3595145,,,11,44515.42062,,,,,,,,,,,,,,,,,,,,,
Kansas_Lexington,X59,2,303,,,8.94,52.9954326,27.37,21.1446423,,,11,44515.42062,,,,,,,,,,,,,,,,,,,,,
Kansas_Lexington,X59,2,410,,,19.55,147.6556245,27.78,24.8025762,,,10,40468.5642,,,,,,,,,,,,,,,,,,,,,
Kansas_Manhattan, Altair,1,1,,,,1645,,4064,,246259,,271112,165,,,,,,,,,,,,,,,,,,,,
Kansas_Manhattan, Altair,2,,,,,1629,,3679,,213734,,368227,152,,,,,,,,,,,,,,,,,,,,
Kansas_Manhattan, Altair,3,,,,,1367,,3183,,367066,,299437,155,,,,,,,,,,,,,,,,,,,,
Kansas_Manhattan, Altair,4,,,,,1663,,4537,,278784,,265042,177,,,,,,,,,,,,,,,,,,,,
Kansas_Manhattan,Anka,1,2,,,,1098,,2827,,106867,,135556,155,,,,,,,,,,,,,,,,,,,,
Kansas_Manhattan,Anka,2,,,,,1129,,3376,,167270,,208392,180,,,,,,,,,,,,,,,,,,,,
Kansas_Manhattan,Anka,3,,,,,990,,3225,,167270,,169951,192,,,,,,,,,,,,,,,,,,,,
Kansas_Manhattan,Anka,4,,,,,1123,,3650,,144038,,194229,189,,,,,,,,,,,,,,,,,,,,
Kansas_Manhattan,Bialobrzeskie,1,3,,,,1295,,4058,,51110,,62720,183,,,,,,,,,,,,,,,,,,,,
Kansas_Manhattan,Bialobrzeskie,2,,,,,815,,3958,,65050,,68790,210,,,,,,,,,,,,,,,,,,,,
Kansas_Manhattan,Bialobrzeskie,3,,,,,624,,3613,,46464,,48557,204,,,,,,,,,,,,,,,,,,,,
Kansas_Manhattan,Bialobrzeskie,4,,,,,1348,,4094,,195149,,248856,158,,,,,,,,,,,,,,,,,,,,
Kansas_Manhattan,Canda,1,4,,,,1235,,2333,,139392,,143649,137,,,,,,,,,,,,,,,,,,,,
Kansas_Manhattan,Canda,2,,,,,1165,,2180,,144038,,74859,125,,,,,,,,,,,,,,,,,,,,
Kansas_Manhattan,Canda,3,,,,,388,,1039,,32525,,26302,152,,,,,,,,,,,,,,,,,,,,
Kansas_Manhattan,Canda,4,,,,,1243,,1745,,78989,,32372,146,,,,,,,,,,,,,,,,,,,,
Kansas_Manhattan,CFX1,1,5,,,,1519,,1916,,171917,,184113,91,,,,,,,,,,,,,,,,,,,,
Kansas_Manhattan,CFX1,2,,,,,1306,,1459,,190502,,101161,94,,,,,,,,,,,,,,,,,,,,
Kansas_Manhattan,CFX1,3,,,,,1364,,1624,,190502,,93068,98,,,,,,,,,,,,,,,,,,,,
Kansas_Manhattan,CFX1,4,,,,,1385,,1693,,227674,,139602,91,,,,,,,,,,,,,,,,,,,,
Kansas_Manhattan,CRS1,1,6,,,,1434,,1778,,246259,,208392,104,,,,,,,,,,,,,,,,,,,,
Kansas_Manhattan,CRS1,2,,,,,1465,,2193,,181210,,143649,113,,,,,,,,,,,,,,,,,,,,
Kansas_Manhattan,CRS1,3,,,,,1267,,1855,,157978,,236717,104,,,,,,,,,,,,,,,,,,,,
Kansas_Manhattan,CRS1,4,,,,,1982,,2791,,223027,,339902,116,,,,,,,,,,,,,,,,,,,,
Kansas_Manhattan,Henola,1,7,,,,1615,,3158,,181210,,184113,128,,,,,,,,,,,,,,,,,,,,
Kansas_Manhattan,Henola,2,,,,,1260,,2754,,218381,,232671,134,,,,,,,,,,,,,,,,,,,,
Kansas_Manhattan,Henola,3,,,,,1836,,4409,,227674,,269089,143,,,,,,,,,,,,,,,,,,,,
Kansas_Manhattan,Henola,4,,,,,1843,,3465,,218381,,234694,152,,,,,,,,,,,,,,,,,,,,
Kansas_Manhattan,Hlesia,1,8,,,,1100,,3360,,120806,,198276,152,,,,,,,,,,,,,,,,,,,,
Kansas_Manhattan,Hlesia,2,,,,,2036,,5859,,51110,,105208,177,,,,,,,,,,,,,,,,,,,,
Kansas_Manhattan,Hlesia,3,,,,,1182,,3635,,367066,,331809,143,,,,,,,,,,,,,,,,,,,,
Kansas_Manhattan,Hlesia,4,,,,,1100,,3316,,260198,,204346,137,,,,,,,,,,,,,,,,,,,,
Kansas_Manhattan,Hliana,1,9,,,,1032,,3384,,148685,,135556,146,,,,,,,,,,,,,,,,,,,,
Kansas_Manhattan,Hliana,2,,,,,1038,,3199,,116160,,123417,140,,,,,,,,,,,,,,,,,,,,
Kansas_Manhattan,Hliana,3,,,,,750,,2729,,65050,,101161,158,,,,,,,,,,,,,,,,,,,,
Kansas_Manhattan,Hliana,4,,,,,1050,,3143,,74342,,86999,162,,,,,,,,,,,,,,,,,,,,
Kansas_Manhattan,Hlukauskii 51,1,10,,,,1123,,3114,,92928,,149719,155,,,,,,,,,,,,,,,,,,,,
Kansas_Manhattan,Hlukauskii 51,2,,,,,852,,3229,,120806,,186137,152,,,,,,,,,,,,,,,,,,,,
Kansas_Manhattan,Hlukauskii 51,3,,,,,1000,,3148,,125453,,125440,152,,,,,,,,,,,,,,,,,,,,
Kansas_Manhattan,Hlukauskii 51,4,,,,,1058,,4295,,139392,,151742,165,,,,,,,,,,,,,,,,,,,,
Kansas_Manhattan,Joey,1,11,,,,1272,,1984,,65050,,66766,143,,,,,,,,,,,,,,,,,,,,
Kansas_Manhattan,Joey,2,,,,,1286,,2059,,148685,,107231,137,,,,,,,,,,,,,,,,,,,,
Kansas_Manhattan,Joey,3,,,,,1284,,812,,130099,,62720,140,,,,,,,,,,,,,,,,,,,,
Kansas_Manhattan,Joey,4,,,,,1152,,2149,,74342,,103184,146,,,,,,,,,,,,,,,,,,,,
Kansas_Manhattan,Katani,1,12,,,,1515,,2321,,181210,,135556,88,,,,,,,,,,,,,,,,,,,,
Kansas_Manhattan,Katani,2,,,,,1310,,1678,,223027,,188160,79,,,,,,,,,,,,,,,,,,,,
Kansas_Manhattan,Katani,3,,,,,1578,,1678,,246259,,180067,79,,,,,,,,,,,,,,,,,,,,
Kansas_Manhattan,Katani,4,,,,,1623,,2079,,246259,,147695,79,,,,,,,,,,,,,,,,,,,,
Kansas_Manhattan,NWG2730,1,13,,,,584,,1646,,181210,,82952,168,,,,,,,,,,,,,,,,,,,,
Kansas_Manhattan,NWG2730,2,,,,,739,,3989,,255552,,123417,195,,,,,,,,,,,,,,,,,,,,
Kansas_Manhattan,NWG2730,3,,,,,786,,2336,,153331,,70813,195,,,,,,,,,,,,,,,,,,,,
Kansas_Manhattan,NWG2730,4,,,,,457,,2175,,246259,,123417,207,,,,,,,,,,,,,,,,,,,,
Kansas_Manhattan,NWG452,1,14,,,,254,,1753,,167270,,109254,183,,,,,,,,,,,,,,,,,,,,
Kansas_Manhattan,NWG452,2,,,,,820,,3328,,195149,,210415,189,,,,,,,,,,,,,,,,,,,,
Kansas_Manhattan,NWG452,3,,,,,399,,2277,,250906,,139602,186,,,,,,,,,,,,,,,,,,,,
Kansas_Manhattan,NWG452,4,,,,,340,,2648,,348480,,143649,189,,,,,,,,,,,,,,,,,,,,
Kansas_Manhattan,Rigel,1,15,,,,1471,,3525,,223027,,246833,143,,,,,,,,,,,,,,,,,,,,
Kansas_Manhattan,Rigel,2,,,,,1364,,2873,,120806,,173997,155,,,,,,,,,,,,,,,,,,,,
Kansas_Manhattan,Rigel,3,,,,,1603,,3928,,185856,,289321,158,,,,,,,,,,,,,,,,,,,,
Kansas_Manhattan,Rigel,4,,,,,1111,,3751,,385651,,311576,171,,,,,,,,,,,,,,,,,,,,
Kansas_Manhattan,Vega,1,16,,,,1612,,2536,,232320,,382389,125,,,,,,,,,,,,,,,,,,,,
Kansas_Manhattan,Vega,2,,,,,1376,,2817,,269491,,248856,131,,,,,,,,,,,,,,,,,,,,
Kansas_Manhattan,Vega,3,,,,,2034,,3542,,232320,,408691,134,,,,,,,,,,,,,,,,,,,,
Kansas_Manhattan,Vega,4,,,,,1966,,3788,,404237,,295391,122,,,,,,,,,,,,,,,,,,,,
Kansas_Manhattan,X59,1,17,,,,1654,,2494,,218381,,186137,98,,,,,,,,,,,,,,,,,,,,
Kansas_Manhattan,X59,2,,,,,1239,,1526,,288077,,178044,85,,,,,,,,,,,,,,,,,,,,
Kansas_Manhattan,X59,3,,,,,1939,,2209,,130099,,123417,101,,,,,,,,,,,,,,,,,,,,
Kansas_Manhattan,X59,4,,,,,1470,,2321,,144038,,190183,110,,,,,,,,,,,,,,,,,,,,
Kansas_Quicksand, Altair,1,,107-1,,7.3,65,,162,,,25,101208,36.13,,2.663,,,,,,,,,,,,,,,,,,
Kansas_Quicksand, Altair,1,,204-1,,21.4,191,,648,,,111,449364,41.91,,2.673,,,,,,,,,,,,,,,,,,
Kansas_Quicksand, Altair,1,,311-1,,11.8,105,,1214,,,92,372446,75.95,,3.953,,,,,,,,,,,,,,,,,,
Kansas_Quicksand, Altair,1,,410-1,,7,62,,891,,,83,336011,70.17,,3.729,,,,,,,,,,,,,,,,,,
Kansas_Quicksand, Altair,2,,107-2,,23.3,208,,243,,,29,117401,42.04,,2.898,,,,,,,,,,,,,,,,,,
Kansas_Quicksand, Altair,2,,204-2,,20.7,185,,567,,,96,388639,41.47,,2.553,,,,,,,,,,,,,,,,,,
Kansas_Quicksand, Altair,2,,311-2,,10.2,91,,1700,,,62,250996,94.55,,5.071,,,,,,,,,,,,,,,,,,
Kansas_Quicksand, Altair,2,,410-2,,3.1,28,,1214,,,75,303625,80.39,,4.23,,,,,,,,,,,,,,,,,,
Kansas_Quicksand,Anka,1,,108-1,,6.3,56,,1053,,,89,360301,64.71,,3.684,,,,,,,,,,,,,,,,,,
Kansas_Quicksand,Anka,1,,210-1,,16.8,150,,891,,,58,234803,59.37,,3.386,,,,,,,,,,,,,,,,,,
Kansas_Quicksand,Anka,1,,307-1,,11.5,103,,486,,,60,242900,46.23,,3.059,,,,,,,,,,,,,,,,,,
Kansas_Quicksand,Anka,1,,406-1,,8.8,79,,972,,,55,222658,80.84,,4.194,,,,,,,,,,,,,,,,,,
Kansas_Quicksand,Anka,2,,108-2,,20.8,186,,567,,,47,190271,59.94,,3.568,,,,,,,,,,,,,,,,,,
Kansas_Quicksand,Anka,2,,210-2,,17.6,157,,891,,,74,299576,65.09,,3.669,,,,,,,,,,,,,,,,,,
Kansas_Quicksand,Anka,2,,307-2,,8.8,79,,162,,,28,113353,34.42,,2.292,,,,,,,,,,,,,,,,,,
Kansas_Quicksand,Anka,2,,406-2,,2.6,23,,729,,,48,194320,79.12,,3.884,,,,,,,,,,,,,,,,,,
Kansas_Quicksand,Bialobrzeskie,1,,109-1,,5.1,46,,486,,,24,97160,57.4,,3.794,,,,,,,,,,,,,,,,,,
Kansas_Quicksand,Bialobrzeskie,1,,212-1,,5.4,48,,810,,,21,85015,85.53,,4.964,,,,,,,,,,,,,,,,,,
Kansas_Quicksand,Bialobrzeskie,1,,303-1,,3.5,31,,81,,,10,40483,42.35,,3.149,,,,,,,,,,,,,,,,,,
Kansas_Quicksand,Bialobrzeskie,1,,414-1,,3.3,29,,1700,,,19,76918,141.03,,6.614,,,,,,,,,,,,,,,,,,
Kansas_Quicksand,Bialobrzeskie,2,,109-2,,5.2,46,,486,,,19,76918,72.39,,4.364,,,,,,,,,,,,,,,,,,
Kansas_Quicksand,Bialobrzeskie,2,,212-2,,9.7,87,,810,,,21,85015,79.38,,4.893,,,,,,,,,,,,,,,,,,
Kansas_Quicksand,Bialobrzeskie,2,,303-2,,3.1,28,,405,,,21,85015,50.67,,3.541,,,,,,,,,,,,,,,,,,
Kansas_Quicksand,Bialobrzeskie,2,,414-2,,1.8,16,,1376,,,30,121450,115.7,,5.603,,,,,,,,,,,,,,,,,,
Kansas_Quicksand,CFX1,1,,104-1,,9.7,87,,243,,,38,153836,37.72,,2.909,,,,,,,,,,,,,,,,,,
Kansas_Quicksand,CFX1,1,,208-1,,9.4,84,,81,,,33,133595,20.96,,2.372,,,,,,,,,,,,,,,,,,
Kansas_Quicksand,CFX1,1,,310-1,,8.5,76,,324,,,38,153836,36.45,,2.984,,,,,,,,,,,,,,,,,,
Kansas_Quicksand,CFX1,1,,408-1,,6.7,60,,81,,,15,60725,23.43,,2.44,,,,,,,,,,,,,,,,,,
Kansas_Quicksand,CFX1,2,,104-2,,13.1,117,,162,,,34,137643,32.26,,2.464,,,,,,,,,,,,,,,,,,
Kansas_Quicksand,CFX1,2,,208-2,,13.8,123,,162,,,35,141691,25.53,,2.545,,,,,,,,,,,,,,,,,,
Kansas_Quicksand,CFX1,2,,310-2,,13.6,121,,243,,,42,170030,37.34,,2.844,,,,,,,,,,,,,,,,,,
Kansas_Quicksand,CFX1,2,,408-2,,9.7,87,,243,,,29,117401,36.77,,3.183,,,,,,,,,,,,,,,,,,
Kansas_Quicksand,CRS1,1,,106-1,,19.2,171,,243,,,54,218610,34.86,,2.847,,,,,,,,,,,,,,,,,,
Kansas_Quicksand,CRS1,1,,213-1,,6.7,60,,324,,,31,125498,43.43,,3.11,,,,,,,,,,,,,,,,,,
Kansas_Quicksand,CRS1,1,,313-1,,5.8,52,,162,,,22,89063,44.45,,3.106,,,,,,,,,,,,,,,,,,
Kansas_Quicksand,CRS1,1,,405-1,,7,62,,243,,,17,68822,45.09,,3.679,,,,,,,,,,,,,,,,,,
Kansas_Quicksand,CRS1,2,,106-2,,14.4,129,,243,,,39,157885,30.92,,2.618,,,,,,,,,,,,,,,,,,
Kansas_Quicksand,CRS1,2,,213-2,,12.1,108,,324,,,42,170030,39.69,,3.03,,,,,,,,,,,,,,,,,,
Kansas_Quicksand,CRS1,2,,313-2,,24.8,221,,486,,,22,89063,55.63,,4.18,,,,,,,,,,,,,,,,,,
Kansas_Quicksand,CRS1,2,,405-2,,7.8,70,,405,,,28,113353,56.45,,3.887,,,,,,,,,,,,,,,,,,
Kansas_Quicksand,Enectarol,1,,113-1,,77,687,,4534,,,42,170030,185.23,,8.827,,,,,,,,,,,,,,,,,,
Kansas_Quicksand,Enectarol,1,,203-1,,71.2,635,,2834,,,45,182175,152.08,,6.962,,,,,,,,,,,,,,,,,,
Kansas_Quicksand,Enectarol,1,,302-1,,30.5,272,,2267,,,64,259093,128.14,,5.13,,,,,,,,,,,,,,,,,,
Kansas_Quicksand,Enectarol,1,,407-1,,51.4,459,,2186,,,39,157885,143.32,,6.101,,,,,,,,,,,,,,,,,,
Kansas_Quicksand,Enectarol,2,,113-2,,46.6,416,,5425,,,59,238851,196.28,,8.311,,,,,,,,,,,,,,,,,,
Kansas_Quicksand,Enectarol,2,,203-2,,27.4,245,,2267,,,48,194320,140.78,,7.215,,,,,,,,,,,,,,,,,,
Kansas_Quicksand,Enectarol,2,,302-2,,54.2,484,,3320,,,61,246948,149.1,,6.458,,,,,,,,,,,,,,,,,,
Kansas_Quicksand,Enectarol,2,,407-2,,56,500,,3320,,,40,161933,157.67,,6.927,,,,,,,,,,,,,,,,,,
Kansas_Quicksand,Henola,1,,101-1,,20.4,182,,567,,,79,319818,51.44,,3.165,,,,,,,,,,,,,,,,,,
Kansas_Quicksand,Henola,1,,215-1,,18.2,162,,324,,,39,157885,48.96,,2.974,,,,,,,,,,,,,,,,,,
Kansas_Quicksand,Henola,1,,308-1,,30.9,276,,243,,,48,194320,38.93,,2.648,,,,,,,,,,,,,,,,,,
Kansas_Quicksand,Henola,1,,402-1,,18.3,163,,810,,,86,348156,61.47,,3.273,,,,,,,,,,,,,,,,,,
Kansas_Quicksand,Henola,2,,101-2,,23.7,212,,405,,,61,246948,47.43,,3.041,,,,,,,,,,,,,,,,,,
Kansas_Quicksand,Henola,2,,215-2,,16.3,145,,567,,,101,408881,48.32,,2.605,,,,,,,,,,,,,,,,,,
Kansas_Quicksand,Henola,2,,308-2,,37.1,331,,405,,,40,161933,43.62,,2.798,,,,,,,,,,,,,,,,,,
Kansas_Quicksand,Henola,2,,402-2,,16.2,145,,729,,,53,214561,62.1,,3.747,,,,,,,,,,,,,,,,,,
Kansas_Quicksand,Hlesia,1,,110-1,,6.9,62,,729,,,92,372446,47.94,,2.591,,,,,,,,,,,,,,,,,,
Kansas_Quicksand,Hlesia,1,,207-1,,27.3,244,,324,,,59,238851,34.61,,2.64,,,,,,,,,,,,,,,,,,
Kansas_Quicksand,Hlesia,1,,304-1,,9,80,,243,,,44,178126,35.12,,2.723,,,,,,,,,,,,,,,,,,
Kansas_Quicksand,Hlesia,1,,401-1,,7.5,67,,810,,,68,275286,56.39,,3.01,,,,,,,,,,,,,,,,,,
Kansas_Quicksand,Hlesia,2,,110-2,,6.3,56,,810,,,103,416978,45.34,,2.439,,,,,,,,,,,,,,,,,,
Kansas_Quicksand,Hlesia,2,,207-2,,19.4,173,,486,,,105,425074,30.8,,2.23,,,,,,,,,,,,,,,,,,
Kansas_Quicksand,Hlesia,2,,304-2,,7.5,67,,486,,,46,186223,46.04,,3.214,,,,,,,,,,,,,,,,,,
Kansas_Quicksand,Hlesia,2,,401-2,,7.7,69,,1134,,,74,299576,66.61,,3.823,,,,,,,,,,,,,,,,,,
Kansas_Quicksand,Hliana,1,,112-1,,6.7,60,,567,,,23,93112,57.09,,4.004,,,,,,,,,,,,,,,,,,
Kansas_Quicksand,Hliana,1,,201-1,,10.3,92,,486,,,39,157885,50.99,,3.317,,,,,,,,,,,,,,,,,,
Kansas_Quicksand,Hliana,1,,309-1,,5.1,46,,405,,,27,109305,50.48,,3.332,,,,,,,,,,,,,,,,,,
Kansas_Quicksand,Hliana,1,,413-1,,12.9,115,,810,,,25,101208,66.93,,4.875,,,,,,,,,,,,,,,,,,
Kansas_Quicksand,Hliana,2,,112-2,,13.4,120,,891,,,33,133595,65.21,,4.393,,,,,,,,,,,,,,,,,,
Kansas_Quicksand,Hliana,2,,201-2,,6.8,61,,324,,,37,149788,42.04,,2.743,,,,,,,,,,,,,,,,,,
Kansas_Quicksand,Hliana,2,,309-2,,11.6,104,,486,,,25,101208,54.42,,3.189,,,,,,,,,,,,,,,,,,
Kansas_Quicksand,Hliana,2,,413-2,,6.3,56,,1214,,,39,157885,88.52,,4.594,,,,,,,,,,,,,,,,,,
Kansas_Quicksand,Hlukauskii 51,1,,103-1,,5.3,47,,1134,,,97,392688,59.18,,2.788,,,,,,,,,,,,,,,,,,
Kansas_Quicksand,Hlukauskii 51,1,,214-1,,5.2,46,,405,,,62,250996,45.47,,2.765,,,,,,,,,,,,,,,,,,
Kansas_Quicksand,Hlukauskii 51,1,,314-1,,6.8,61,,891,,,54,218610,73.66,,3.742,,,,,,,,,,,,,,,,,,
Kansas_Quicksand,Hlukauskii 51,1,,415-1,,7.3,65,,891,,,46,186223,85.34,,3.849,,,,,,,,,,,,,,,,,,
Kansas_Quicksand,Hlukauskii 51,2,,103-2,,10.5,94,,972,,,89,360301,65.47,,3.48,,,,,,,,,,,,,,,,,,
Kansas_Quicksand,Hlukauskii 51,2,,214-2,,13,116,,972,,,79,319818,69.98,,3.457,,,,,,,,,,,,,,,,,,
Kansas_Quicksand,Hlukauskii 51,2,,314-2,,9.9,88,,1214,,,35,141691,87.31,,4.706,,,,,,,,,,,,,,,,,,
Kansas_Quicksand,Hlukauskii 51,2,,415-2,,9.7,87,,1376,,,35,141691,101.28,,5.217,,,,,,,,,,,,,,,,,,
Kansas_Quicksand,Katani,1,,115-1,,25.3,226,,243,,,36,145740,36.2,,3.235,,,,,,,,,,,,,,,,,,
Kansas_Quicksand,Katani,1,,206-1,,3.6,32,,40,,,18,72870,17.65,,1.907,,,,,,,,,,,,,,,,,,
Kansas_Quicksand,Katani,1,,301-1,,5.1,46,,40,,,22,89063,22.03,,2.338,,,,,,,,,,,,,,,,,,
Kansas_Quicksand,Katani,1,,412-1,,5.6,50,,324,,,32,129546,49.47,,3.498,,,,,,,,,,,,,,,,,,
Kansas_Quicksand,Katani,2,,115-2,,19.8,177,,81,,,30,121450,29.02,,2.71,,,,,,,,,,,,,,,,,,
Kansas_Quicksand,Katani,2,,206-2,,7.8,70,,81,,,36,145740,21.97,,2.249,,,,,,,,,,,,,,,,,,
Kansas_Quicksand,Katani,2,,301-2,,6.3,56,,162,,,27,109305,33.59,,2.758,,,,,,,,,,,,,,,,,,
Kansas_Quicksand,Katani,2,,412-2,,4.2,37,,567,,,40,161933,58.99,,4.3,,,,,,,,,,,,,,,,,,
Kansas_Quicksand,NWG2730,1,,105-1,,64.5,576,,1214,,,69,279335,94.55,,4.666,,,,,,,,,,,,,,,,,,
Kansas_Quicksand,NWG2730,1,,205-1,,62.2,555,,1053,,,41,165981,100.71,,5.189,,,,,,,,,,,,,,,,,,
Kansas_Quicksand,NWG2730,1,,305-1,,53.9,481,,1700,,,55,222658,109.22,,6.045,,,,,,,,,,,,,,,,,,
Kansas_Quicksand,NWG2730,1,,409-1,,27.9,249,,1700,,,48,194320,100.08,,5.948,,,,,,,,,,,,,,,,,,
Kansas_Quicksand,NWG2730,2,,105-2,,93.6,835,,1214,,,80,323866,84.9,,4.424,,,,,,,,,,,,,,,,,,
Kansas_Quicksand,NWG2730,2,,205-2,,66.9,597,,1457,,,57,230755,97.54,,4.669,,,,,,,,,,,,,,,,,,
Kansas_Quicksand,NWG2730,2,,305-2,,92.4,825,,1862,,,44,178126,95.89,,5.539,,,,,,,,,,,,,,,,,,
Kansas_Quicksand,NWG2730,2,,409-2,,34,303,,648,,,32,129546,73.28,,4.592,,,,,,,,,,,,,,,,,,
Kansas_Quicksand,NWG331,1,,114-1,,13.9,124,,1619,,,43,174078,128.08,,5.281,,,,,,,,,,,,,,,,,,
Kansas_Quicksand,NWG331,1,,209-1,,12.4,111,,1214,,,73,295528,77.41,,4.128,,,,,,,,,,,,,,,,,,
Kansas_Quicksand,NWG331,1,,306-1,,15,134,,486,,,46,186223,67.88,,3.87,,,,,,,,,,,,,,,,,,
Kansas_Quicksand,NWG331,1,,404-1,,9.1,81,,1053,,,43,174078,91.57,,4.703,,,,,,,,,,,,,,,,,,
Kansas_Quicksand,NWG331,2,,114-2,,5.3,47,,1619,,,61,246948,109.54,,5.005,,,,,,,,,,,,,,,,,,
Kansas_Quicksand,NWG331,2,,209-2,,4.9,44,,972,,,85,344108,81.15,,3.441,,,,,,,,,,,,,,,,,,
Kansas_Quicksand,NWG331,2,,306-2,,15.6,139,,810,,,32,129546,81.66,,4.404,,,,,,,,,,,,,,,,,,
Kansas_Quicksand,NWG331,2,,404-2,,6.4,57,,1295,,,62,250996,105.03,,4.772,,,,,,,,,,,,,,,,,,
Kansas_Quicksand,NWG452,1,,111-1,,9.7,87,,2429,,,80,323866,113.86,,5.913,,,,,,,,,,,,,,,,,,
Kansas_Quicksand,NWG452,1,,202-1,,10.9,97,,486,,,46,186223,56.01,,3.471,,,,,,,,,,,,,,,,,,
Kansas_Quicksand,NWG452,1,,315-1,,9.4,84,,972,,,46,186223,98.49,,4.238,,,,,,,,,,,,,,,,,,
Kansas_Quicksand,NWG452,1,,403-1,,8.4,75,,1053,,,74,299576,88.07,,3.636,,,,,,,,,,,,,,,,,,
Kansas_Quicksand,NWG452,2,,111-2,,3.6,32,,1862,,,84,340059,113.16,,4.561,,,,,,,,,,,,,,,,,,
Kansas_Quicksand,NWG452,2,,202-2,,21.3,190,,1053,,,81,327914,88.96,,4.435,,,,,,,,,,,,,,,,,,
Kansas_Quicksand,NWG452,2,,315-2,,18.2,162,,1457,,,53,214561,109.54,,4.802,,,,,,,,,,,,,,,,,,
Kansas_Quicksand,NWG452,2,,403-2,,4.4,39,,972,,,52,210513,81.09,,3.524,,,,,,,,,,,,,,,,,,
Kansas_Quicksand,X59,1,,102-1,,15.8,141,,162,,,20,80967,40.58,,2.981,,,,,,,,,,,,,,,,,,
Kansas_Quicksand,X59,1,,211-1,,16.7,149,,243,,,33,133595,47.31,,3.264,,,,,,,,,,,,,,,,,,
Kansas_Quicksand,X59,1,,312-1,,45.2,403,,324,,,46,186223,38.1,,3.391,,,,,,,,,,,,,,,,,,
Kansas_Quicksand,X59,1,,411-1,,23.4,209,,405,,,26,105257,63.31,,4.21,,,,,,,,,,,,,,,,,,
Kansas_Quicksand,X59,2,,102-2,,18.2,162,,81,,,20,80967,33.97,,2.715,,,,,,,,,,,,,,,,,,
Kansas_Quicksand,X59,2,,211-2,,40,357,,567,,,64,259093,52.45,,3.188,,,,,,,,,,,,,,,,,,
Kansas_Quicksand,X59,2,,312-2,,81.5,727,,729,,,59,238851,56.07,,4.608,,,,,,,,,,,,,,,,,,
Kansas_Quicksand,X59,2,,411-2,,13.6,121,,810,,,44,178126,76.14,,4.906,,,,,,,,,,,,,,,,,,
Kansas_Wichita, Altair,1,,,,193.97,1731,277,15451,,,69,279335,96,,0.79,,,,,,,,,,,,,,,,,,
Kansas_Wichita, Altair,1,,,,268.68,2398,400,21402,,,77,311721,97,,0.63,,,,,,,,,,,,,,,,,,
Kansas_Wichita, Altair,2,,,,165.51,1477,265,13184,,,40,161933,97,,0.7,,,,,,,,,,,,,,,,,,
Kansas_Wichita, Altair,2,,,,179.22,1600,361,14276,,,53,214561,110,,0.77,,,,,,,,,,,,,,,,,,
Kansas_Wichita, Altair,3,,,,223.61,1996,378,17812,,,61,246948,104,,0.65,,,,,,,,,,,,,,,,,,
Kansas_Wichita, Altair,3,,,,240.54,2147,526,19161,,,57,230755,115,,0.93,,,,,,,,,,,,,,,,,,
Kansas_Wichita, Altair,4,,,,183.3,1636,284,14601,,,56,226706,89,,0.68,,,,,,,,,,,,,,,,,,
Kansas_Wichita, Altair,4,,,,137.62,1228,302,10962,,,70,283383,93,,0.77,,,,,,,,,,,,,,,,,,
Kansas_Wichita,Anka,1,,,,189.23,1689,400,15074,,,88,356253,120,,0.75,,,,,,,,,,,,,,,,,,
Kansas_Wichita,Anka,1,,,,116.43,1039,281,9274,,,48,194320,121,,0.65,,,,,,,,,,,,,,,,,,
Kansas_Wichita,Anka,2,,,,251.53,2245,522,20036,,,59,238851,124,,0.86,,,,,,,,,,,,,,,,,,
Kansas_Wichita,Anka,2,,,,132.07,1179,442,10520,,,44,178126,148,,0.98,,,,,,,,,,,,,,,,,,
Kansas_Wichita,Anka,3,,,,111.34,994,419,8869,,,93,376494,120,,0.68,,,,,,,,,,,,,,,,,,
Kansas_Wichita,Anka,3,,,,121.58,1085,425,9685,,,80,323866,123,,0.75,,,,,,,,,,,,,,,,,,
Kansas_Wichita,Anka,4,,,,152.76,1363,355,12168,,,58,234803,116,,0.95,,,,,,,,,,,,,,,,,,
Kansas_Wichita,Anka,4,,,,137.05,1223,350,10917,,,50,202416,109,,0.67,,,,,,,,,,,,,,,,,,
Kansas_Wichita,Bialobrzeskie,1,,,,174.2,1555,177,13876,,,16,64773,80,,0.83,,,,,,,,,,,,,,,,,,
Kansas_Wichita,Bialobrzeskie,1,,,,97.36,869,149,7755,,,6,24290,115,,1.25,,,,,,,,,,,,,,,,,,
Kansas_Wichita,Bialobrzeskie,2,,,,,,,,,,,,,,,,,,,,,,,,,,,,,,,,
Kansas_Wichita,Bialobrzeskie,2,,,,,,,,,,,,,,,,,,,,,,,,,,,,,,,,
Kansas_Wichita,Bialobrzeskie,3,,,,143.89,1284,287,11462,,,19,76918,100,,1.08,,,,,,,,,,,,,,,,,,
Kansas_Wichita,Bialobrzeskie,3,,,,142.61,1273,379,11360,,,19,76918,128,,1.07,,,,,,,,,,,,,,,,,,
Kansas_Wichita,Bialobrzeskie,4,,,,102.05,911,212,8129,,,10,40483,105,,0.89,,,,,,,,,,,,,,,,,,
Kansas_Wichita,Bialobrzeskie,4,,,,224.85,2007,455,17911,,,21,85015,101,,1.13,,,,,,,,,,,,,,,,,,
Kansas_Wichita,Canda,1,,,,,,,,,,,,,,,,,,,,,,,,,,,,,,,,
Kansas_Wichita,Canda,1,,,,,,,,,,,,,,,,,,,,,,,,,,,,,,,,
Kansas_Wichita,Canda,2,,,,313.47,2798,140,24970,,,21,85015,58,,0.83,,,,,,,,,,,,,,,,,,
Kansas_Wichita,Canda,2,,,,243.23,2171,204,19375,,,19,76918,67,,0.83,,,,,,,,,,,,,,,,,,
Kansas_Wichita,Canda,3,,,,,,,,,,,,,,,,,,,,,,,,,,,,,,,,
Kansas_Wichita,Canda,3,,,,,,,,,,,,,,,,,,,,,,,,,,,,,,,,
Kansas_Wichita,Canda,4,,,,,,,,,,,,,,,,,,,,,,,,,,,,,,,,
Kansas_Wichita,Canda,4,,,,,,,,,,,,,,,,,,,,,,,,,,,,,,,,
Kansas_Wichita,CFX1,1,,,,118.51,1058,38,9440,,,12,48580,45,,0.75,,,,,,,,,,,,,,,,,,
Kansas_Wichita,CFX1,1,,,,111.26,993,46,8863,,,15,60725,40.3,,0.4,,,,,,,,,,,,,,,,,,
Kansas_Wichita,CFX1,2,,,,291.82,2605,73,23246,,,20,80967,45,,0.83,,,,,,,,,,,,,,,,,,
Kansas_Wichita,CFX1,2,,,,124.96,1115,67,9954,,,27,109305,36,,0.43,,,,,,,,,,,,,,,,,,
Kansas_Wichita,CFX1,3,,,,241.06,2151,101,19202,,,44,178126,48,,0.6,,,,,,,,,,,,,,,,,,
Kansas_Wichita,CFX1,3,,,,267.43,2387,160,21303,,,40,161933,68,,0.75,,,,,,,,,,,,,,,,,,
Kansas_Wichita,CFX1,4,,,,167.39,1494,109,13334,,,42,170030,46,,0.68,,,,,,,,,,,,,,,,,,
Kansas_Wichita,CFX1,4,,,,97.57,871,61,7772,,,17,68822,42,,0.59,,,,,,,,,,,,,,,,,,
Kansas_Wichita,CRS1,1,,,,327.55,2923,171,26092,,,52,210513,57,,0.82,,,,,,,,,,,,,,,,,,
Kansas_Wichita,CRS1,1,,,,137.07,1223,132,10919,,,24,97160,60.3,,0.52,,,,,,,,,,,,,,,,,,
Kansas_Wichita,CRS1,2,,,,287.44,2565,230,22897,,,45,182175,87,,0.68,,,,,,,,,,,,,,,,,,
Kansas_Wichita,CRS1,2,,,,244.66,2184,109,19489,,,42,170030,60,,0.53,,,,,,,,,,,,,,,,,,
Kansas_Wichita,CRS1,3,,,,202.41,1807,113,16123,,,31,125498,51,,0.55,,,,,,,,,,,,,,,,,,
Kansas_Wichita,CRS1,3,,,,349.74,3121,280,27859,,,45,182175,80,,0.77,,,,,,,,,,,,,,,,,,
Kansas_Wichita,CRS1,4,,,,130.01,1160,110,10356,,,40,161933,72,,0.58,,,,,,,,,,,,,,,,,,
Kansas_Wichita,CRS1,4,,,,106.8,953,128,8507,,,43,174078,67,,0.55,,,,,,,,,,,,,,,,,,
Kansas_Wichita,Fedora 17,1,,,,192.97,1722,342,15371,,,59,238851,93,,0.76,,,,,,,,,,,,,,,,,,
Kansas_Wichita,Fedora 17,1,,,,229.93,2052,382,18316,,,37,149788,94,,0.81,,,,,,,,,,,,,,,,,,
Kansas_Wichita,Fedora 17,2,,,,195.28,1743,203,15555,,,26,105257,83,,0.89,,,,,,,,,,,,,,,,,,
Kansas_Wichita,Fedora 17,2,,,,224.56,2004,265,17888,,,43,174078,69,,0.85,,,,,,,,,,,,,,,,,,
Kansas_Wichita,Fedora 17,3,,,,82.28,734,150,6554,,,24,97160,76,,0.76,,,,,,,,,,,,,,,,,,
Kansas_Wichita,Fedora 17,3,,,,189.85,1694,379,15123,,,49,198368,107,,0.89,,,,,,,,,,,,,,,,,,
Kansas_Wichita,Fedora 17,4,,,,211.65,1889,282,16859,,,28,113353,77,,1.02,,,,,,,,,,,,,,,,,,
Kansas_Wichita,Fedora 17,4,,,,194.48,1736,294,15492,,,33,133595,85,,0.95,,,,,,,,,,,,,,,,,,
Kansas_Wichita,Felina 32,1,,,,195.6,1746,451,15581,,,35,141691,104,,1.18,,,,,,,,,,,,,,,,,,
Kansas_Wichita,Felina 32,1,,,,165.01,1473,412,13144,,,17,68822,120,,1.15,,,,,,,,,,,,,,,,,,
Kansas_Wichita,Felina 32,2,,,,145.34,1297,285,11577,,,21,85015,100,,0.92,,,,,,,,,,,,,,,,,,
Kansas_Wichita,Felina 32,2,,,,144.85,1293,358,11538,,,29,117401,92,,0.85,,,,,,,,,,,,,,,,,,
Kansas_Wichita,Felina 32,3,,,,148.09,1322,150,11796,,,9,36435,68,,0.98,,,,,,,,,,,,,,,,,,
Kansas_Wichita,Felina 32,3,,,,113.95,1017,193,9077,,,73,295528,75,,1.14,,,,,,,,,,,,,,,,,,
Kansas_Wichita,Felina 32,4,,,,180.75,1613,483,14398,,,46,186223,95,,0.96,,,,,,,,,,,,,,,,,,
Kansas_Wichita,Felina 32,4,,,,68.16,608,220,5429,,,22,89063,118,,1.02,,,,,,,,,,,,,,,,,,
Kansas_Wichita,Helena,1,,,,149.6,1335,564,11917,,,44,178126,140,,1.3,,,,,,,,,,,,,,,,,,
Kansas_Wichita,Helena,1,,,,225.53,2013,574,17965,,,68,275286,106,,0.85,,,,,,,,,,,,,,,,,,
Kansas_Wichita,Helena,2,,,,115.55,1031,521,9204,,,47,190271,158,,0.83,,,,,,,,,,,,,,,,,,
Kansas_Wichita,Helena,2,,,,116.06,1036,511,9245,,,47,190271,176,,1.26,,,,,,,,,,,,,,,,,,
Kansas_Wichita,Helena,3,,,,301.8,2694,791,24040,,,48,194320,138,,0.91,,,,,,,,,,,,,,,,,,
Kansas_Wichita,Helena,3,,,,152.04,1357,341,12111,,,35,141691,132,,1.15,,,,,,,,,,,,,,,,,,
Kansas_Wichita,Helena,4,,,,102.4,914,433,8157,,,36,145740,130,,1.24,,,,,,,,,,,,,,,,,,
Kansas_Wichita,Helena,4,,,,102.15,912,569,8137,,,29,117401,157,,1.58,,,,,,,,,,,,,,,,,,
Kansas_Wichita,Henola,1,,,,247.46,2209,217,19712,,,40,161933,78,,0.78,,,,,,,,,,,,,,,,,,
Kansas_Wichita,Henola,1,,,,221.74,1979,176,17663,,,21,85015,85,,0.7,,,,,,,,,,,,,,,,,,
Kansas_Wichita,Henola,2,,,,111.68,997,111,8896,,,21,85015,61,,0.77,,,,,,,,,,,,,,,,,,
Kansas_Wichita,Henola,2,,,,312.31,2787,436,24878,,,68,275286,94,,0.75,,,,,,,,,,,,,,,,,,
Kansas_Wichita,Henola,3,,,,261.31,2332,240,20815,,,45,182175,75,,0.89,,,,,,,,,,,,,,,,,,
Kansas_Wichita,Henola,3,,,,430.77,3845,458,34314,,,58,234803,79,,0.81,,,,,,,,,,,,,,,,,,
Kansas_Wichita,Henola,4,,,,252.34,2252,309,20101,,,54,218610,98,,1.1,,,,,,,,,,,,,,,,,,
Kansas_Wichita,Henola,4,,,,214,1910,219,17047,,,26,105257,94,,0.86,,,,,,,,,,,,,,,,,,
Kansas_Wichita,Hlesia,1,,,,215.1,1920,270,17134,,,70,283383,74,,0.77,,,,,,,,,,,,,,,,,,
Kansas_Wichita,Hlesia,1,,,,165.06,1473,232,13148,,,45,182175,80.2,,0.5,,,,,,,,,,,,,,,,,,
Kansas_Wichita,Hlesia,2,,,,225.9,2016,435,17995,,,67,271238,95,,0.86,,,,,,,,,,,,,,,,,,
Kansas_Wichita,Hlesia,2,,,,115.37,1030,181,9190,,,30,121450,87,,0.63,,,,,,,,,,,,,,,,,,
Kansas_Wichita,Hlesia,3,,,,111.95,999,241,8918,,,62,250996,84,,0.53,,,,,,,,,,,,,,,,,,
Kansas_Wichita,Hlesia,3,,,,102.18,912,267,8139,,,43,174078,96,,0.75,,,,,,,,,,,,,,,,,,
Kansas_Wichita,Hlesia,4,,,,159.26,1421,306,12686,,,44,178126,82,,0.8,,,,,,,,,,,,,,,,,,
Kansas_Wichita,Hlesia,4,,,,49.76,444,145,3964,,,31,125498,80,,0.57,,,,,,,,,,,,,,,,,,
Kansas_Wichita,Hliana,1,,,,,,,,,,5,20242,48,,0.55,,,,,,,,,,,,,,,,,,
Kansas_Wichita,Hliana,1,,,,,,,,,,11,44532,71,,0.62,,,,,,,,,,,,,,,,,,
Kansas_Wichita,Hliana,2,,,,130.94,1169,206,10430,,,11,44532,90,,1.22,,,,,,,,,,,,,,,,,,
Kansas_Wichita,Hliana,2,,,,154.92,1383,169,12340,,,11,44532,69,,1.06,,,,,,,,,,,,,,,,,,
Kansas_Wichita,Hliana,3,,,,186.25,1662,218,14836,,,27,109305,67,,0.62,,,,,,,,,,,,,,,,,,
Kansas_Wichita,Hliana,3,,,,109.65,979,206,8734,,,20,80967,80,,0.96,,,,,,,,,,,,,,,,,,
Kansas_Wichita,Hliana,4,,,,,,,,,,,,,,,,,,,,,,,,,,,,,,,,
Kansas_Wichita,Hliana,4,,,,,,,,,,,,,,,,,,,,,,,,,,,,,,,,
Kansas_Wichita,Hlukauskii 51,1,,,,117.32,1047,180,9345,,,32,129546,84,,0.68,,,,,,,,,,,,,,,,,,
Kansas_Wichita,Hlukauskii 51,1,,,,214.73,1916,320,17105,,,53,214561,75,,0.7,,,,,,,,,,,,,,,,,,
Kansas_Wichita,Hlukauskii 51,2,,,,186.43,1664,386,14850,,,51,206465,85,,0.88,,,,,,,,,,,,,,,,,,
Kansas_Wichita,Hlukauskii 51,2,,,,176.91,1579,322,14092,,,34,137643,94,,0.8,,,,,,,,,,,,,,,,,,
Kansas_Wichita,Hlukauskii 51,3,,,,81.29,726,284,6475,,,39,157885,88,,0.94,,,,,,,,,,,,,,,,,,
Kansas_Wichita,Hlukauskii 51,3,,,,175.36,1565,538,13969,,,56,226706,108,,0.88,,,,,,,,,,,,,,,,,,
Kansas_Wichita,Hlukauskii 51,4,,,,60.86,543,208,4848,,,26,105257,86,,0.82,,,,,,,,,,,,,,,,,,
Kansas_Wichita,Hlukauskii 51,4,,,,107.87,963,382,8593,,,45,182175,82,,0.85,,,,,,,,,,,,,,,,,,
Kansas_Wichita,Joey,1,,,,145.37,1297,50,11580,,,11,44532,48,,0.62,,,,,,,,,,,,,,,,,,
Kansas_Wichita,Joey,1,,,,263.12,2348,149,20959,,,12,48580,70,,0.95,,,,,,,,,,,,,,,,,,
Kansas_Wichita,Joey,2,,,,215.99,1928,109,17205,,,23,93112,48,,0.84,,,,,,,,,,,,,,,,,,
Kansas_Wichita,Joey,2,,,,232.86,2078,103,18549,,,14,56677,68,,1.49,,,,,,,,,,,,,,,,,,
Kansas_Wichita,Joey,3,,,,162.24,1448,101,12924,,,16,64773,48,,0.75,,,,,,,,,,,,,,,,,,
Kansas_Wichita,Joey,3,,,,167.69,1497,80,13358,,,7,28338,58,,1.21,,,,,,,,,,,,,,,,,,
Kansas_Wichita,Joey,4,,,,,,,,,,,,,,,,,,,,,,,,,,,,,,,,
Kansas_Wichita,Joey,4,,,,,,,,,,,,,,,,,,,,,,,,,,,,,,,,
Kansas_Wichita,Katani,1,,,,86.15,769,28,6862,,,15,60725,30.5,,0.5,,,,,,,,,,,,,,,,,,
Kansas_Wichita,Katani,1,,,,102.58,916,17,8171,,,12,48580,32,,0.37,,,,,,,,,,,,,,,,,,
Kansas_Wichita,Katani,2,,,,302.07,2696,64,24062,,,39,157885,40.2,,0.59,,,,,,,,,,,,,,,,,,
Kansas_Wichita,Katani,2,,,,217.98,1945,63,17364,,,23,93112,30,,0.54,,,,,,,,,,,,,,,,,,
Kansas_Wichita,Katani,3,,,,179.51,1602,47,14299,,,20,80967,31,,0.73,,,,,,,,,,,,,,,,,,
Kansas_Wichita,Katani,3,,,,169.37,1512,62,13492,,,19,76918,35,,0.57,,,,,,,,,,,,,,,,,,
Kansas_Wichita,Katani,4,,,,128.41,1146,44,10229,,,17,68822,37,,0.61,,,,,,,,,,,,,,,,,,
Kansas_Wichita,Katani,4,,,,202.5,1807,69,16131,,,20,80967,42,,0.56,,,,,,,,,,,,,,,,,,
Kansas_Wichita,NWG2730,1,,,,134.01,1196,534,10675,,,57,230755,127,,0.98,,,,,,,,,,,,,,,,,,
Kansas_Wichita,NWG2730,1,,,,150.27,1341,435,11970,,,66,267190,129,,0.97,,,,,,,,,,,,,,,,,,
Kansas_Wichita,NWG2730,2,,,,296.6,2647,653,23626,,,42,170030,140,,1.4,,,,,,,,,,,,,,,,,,
Kansas_Wichita,NWG2730,2,,,,257.39,2297,482,20503,,,39,157885,140,,1.52,,,,,,,,,,,,,,,,,,
Kansas_Wichita,NWG2730,3,,,,138.98,1240,510,11071,,,54,218610,142,,1.06,,,,,,,,,,,,,,,,,,
Kansas_Wichita,NWG2730,3,,,,130.45,1164,465,10391,,,38,153836,155,,1.03,,,,,,,,,,,,,,,,,,
Kansas_Wichita,NWG2730,4,,,,226.63,2023,601,18053,,,37,149788,155,,1.3,,,,,,,,,,,,,,,,,,
Kansas_Wichita,NWG2730,4,,,,165.12,1474,381,13153,,,32,129546,135,,1.35,,,,,,,,,,,,,,,,,,
Kansas_Wichita,NWG452,1,,,,65.36,583,555,5206,,,109,441268,119,,0.75,,,,,,,,,,,,,,,,,,
Kansas_Wichita,NWG452,1,,,,51.77,462,343,4124,,,83,336011,123,,0.68,,,,,,,,,,,,,,,,,,
Kansas_Wichita,NWG452,2,,,,178.23,1591,622,14197,,,65,263141,148,,0.9,,,,,,,,,,,,,,,,,,
Kansas_Wichita,NWG452,2,,,,142.84,1275,558,11378,,,104,421026,140,,0.74,,,,,,,,,,,,,,,,,,
Kansas_Wichita,NWG452,3,,,,224.24,2001,555,17862,,,51,206465,150,,0.97,,,,,,,,,,,,,,,,,,
Kansas_Wichita,NWG452,3,,,,186.54,1665,354,14859,,,45,182175,106,,0.81,,,,,,,,,,,,,,,,,,
Kansas_Wichita,NWG452,4,,,,108.89,972,383,8674,,,68,275286,119,,1.09,,,,,,,,,,,,,,,,,,
Kansas_Wichita,NWG452,4,,,,125.89,1124,435,10028,,,106,429123,105,,0.78,,,,,,,,,,,,,,,,,,
Kansas_Wichita,Rigel,1,,,,75.99,678,253,6053,,,26,105257,90,,0.95,,,,,,,,,,,,,,,,,,
Kansas_Wichita,Rigel,1,,,,243.04,2169,245,19360,,,41,165981,90.2,,0.68,,,,,,,,,,,,,,,,,,
Kansas_Wichita,Rigel,2,,,,150.68,1345,212,12003,,,25,101208,93,,0.83,,,,,,,,,,,,,,,,,,
Kansas_Wichita,Rigel,2,,,,233.97,2088,370,18637,,,38,153836,86,,0.74,,,,,,,,,,,,,,,,,,
Kansas_Wichita,Rigel,3,,,,112.17,1001,168,8935,,,22,89063,74,,0.9,,,,,,,,,,,,,,,,,,
Kansas_Wichita,Rigel,3,,,,207.5,1852,278,16529,,,29,117401,84,,0.84,,,,,,,,,,,,,,,,,,
Kansas_Wichita,Rigel,4,,,,95.42,852,117,7601,,,13,52628,91,,0.95,,,,,,,,,,,,,,,,,,
Kansas_Wichita,Rigel,4,,,,229.09,2045,363,18249,,,16,64773,102,,1,,,,,,,,,,,,,,,,,,
Kansas_Wichita,USO 31,1,,,,116.06,1036,169,9245,,,9,36435,67,,1.22,,,,,,,,,,,,,,,,,,
Kansas_Wichita,USO 31,1,,,,247.19,2206,290,19690,,,13,52628,85,,1.22,,,,,,,,,,,,,,,,,,
Kansas_Wichita,USO 31,2,,,,,,,,,,,,,,,,,,,,,,,,,,,,,,,,
Kansas_Wichita,USO 31,2,,,,,,,,,,,,,,,,,,,,,,,,,,,,,,,,
Kansas_Wichita,USO 31,3,,,,181.28,1618,238,14440,,,14,56677,71,,1.06,,,,,,,,,,,,,,,,,,
Kansas_Wichita,USO 31,3,,,,63.49,567,77,5057,,,9,36435,60,,0.87,,,,,,,,,,,,,,,,,,
Kansas_Wichita,USO 31,4,,,,40.01,357,99,3187,,,10,40483,75,,1.05,,,,,,,,,,,,,,,,,,
Kansas_Wichita,USO 31,4,,,,71.48,638,166,5694,,,15,60725,79,,0.82,,,,,,,,,,,,,,,,,,
Kansas_Wichita,Vega,1,,,,363.49,3244,375,28955,,,73,295528,73,,0.78,,,,,,,,,,,,,,,,,,
Kansas_Wichita,Vega,1,,,,217.65,1943,180,17337,,,71,287431,64.4,,0.51,,,,,,,,,,,,,,,,,,
Kansas_Wichita,Vega,2,,,,246.85,2203,250,19663,,,46,186223,80,,0.7,,,,,,,,,,,,,,,,,,
Kansas_Wichita,Vega,2,,,,275.5,2459,274,21946,,,77,311721,89,,0.71,,,,,,,,,,,,,,,,,,
Kansas_Wichita,Vega,3,,,,218.8,1953,310,17429,,,106,429123,90,,0.56,,,,,,,,,,,,,,,,,,
Kansas_Wichita,Vega,3,,,,151.13,1349,246,12039,,,94,380543,94,,0.55,,,,,,,,,,,,,,,,,,
Kansas_Wichita,Vega,4,,,,150.58,1344,164,11995,,,49,198368,73,,0.67,,,,,,,,,,,,,,,,,,
Kansas_Wichita,Vega,4,,,,169.58,1514,235,13508,,,38,153836,75,,0.8,,,,,,,,,,,,,,,,,,
Kansas_Wichita,X59,1,,,,292.2,2608,114,23276,,,42,170030,48,,0.63,,,,,,,,,,,,,,,,,,
Kansas_Wichita,X59,1,,,,269.63,2406,135,21478,,,30,121450,45,,0.72,,,,,,,,,,,,,,,,,,
Kansas_Wichita,X59,2,,,,336.45,3003,110,26801,,,35,141691,54,,0.85,,,,,,,,,,,,,,,,,,
Kansas_Wichita,X59,2,,,,315.06,2812,99,25097,,,59,238851,47,,0.72,,,,,,,,,,,,,,,,,,
Kansas_Wichita,X59,3,,,,326.73,2916,125,26026,,,39,157885,52,,0.78,,,,,,,,,,,,,,,,,,
Kansas_Wichita,X59,3,,,,256.19,2287,133,20407,,,16,64773,58,,0.88,,,,,,,,,,,,,,,,,,
Kansas_Wichita,X59,4,,,,168.44,1503,104,13417,,,18,72870,62,,0.72,,,,,,,,,,,,,,,,,,
Kansas_Wichita,X59,4,,,,169.1,1509,84,13470,,,13,52628,44,,0.73,,,,,,,,,,,,,,,,,,
Maryland, Altair,1,,,,,,0,,54.12719892,,,,0,,0,,,,,,,,,,,,,,,,,,
Maryland, Altair,2,,,,,,198.7944397,,49.20654447,,,,111.76,,5.725,,,,,,,,,,,,,,,,,,
Maryland, Altair,4,,,,,,162.3815968,,41.8255628,,,,96.52,,5.85,,,,,,,,,,,,,,,,,,
Maryland,Anka,2,,,,,,197.564276,,41.8255628,,,,119.38,,5.475,,,,,,,,,,,,,,,,,,
Maryland,Anka,3,,,,,,0,,61.50818059,,,,0,,0,,,,,,,,,,,,,,,,,,
Maryland,Anka,4,,,,,,234.4691844,,44.28589002,,,,116.84,,5.35,,,,,,,,,,,,,,,,,,
Maryland,Henola ,1,,,,,,0,,51.66687169,,,,0,,0,,,,,,,,,,,,,,,,,,
Maryland,Henola ,2,,,,,,0,,93.49243449,,,,101.6,,,,,,,,,,,,,,,,,,,,
Maryland,Henola ,3,,,,,,0,,71.34948948,,,,,,,,,,,,,,,,,,,,,,,,
Maryland,Hlesia,1,,,,,,190.4293271,,44.28589002,,,,101.6,,5.075,,,,,,,,,,,,,,,,,,
Maryland,Hlesia,2,,,,,,169.5165457,,63.96850781,,,,114.3,,5.075,,,,,,,,,,,,,,,,,,
Maryland,Hlesia,3,,,,,,0,,76.27014393,,,,,,,,,,,,,,,,,,,,,,,,
Maryland,Hlukauskii 51,1,,,,,,242.0961988,,46.74621725,,,,119.38,,6.325,,,,,,,,,,,,,,,,,,
Maryland,Hlukauskii 51,2,,,,,,454.1764055,,51.66687169,,,,127,,8.175,,,,,,,,,,,,,,,,,,
Maryland,Hlukauskii 51,3,,,,,,199.7785705,,51.66687169,,,,111.76,,4.55,,,,,,,,,,,,,,,,,,
Maryland,NWG2730,2,,,,,,437.9382458,,34.44458113,,,,144.78,,6.425,,,,,,,,,,,,,,,,,,
Maryland,NWG2730,3,,,,,,529.9544839,,86.11145282,,,,134.62,,7.925,,,,,,,,,,,,,,,,,,
Maryland,NWG2730,4,,,,,,702.4234223,,24.60327224,,,,139.7,,8.775,,,,,,,,,,,,,,,,,,
Maryland,NWG452,2,,,,,,525.7719277,,39.36523558,,,,137.16,,9.125,,,,,,,,,,,,,,,,,,
Maryland,NWG452,3,,,,,,374.2157707,,56.58752614,,,,129.54,,7.725,,,,,,,,,,,,,,,,,,
Maryland,NWG452,4,,,,,,472.6288596,,46.74621725,,,,137.16,,6.25,,,,,,,,,,,,,,,,,,
Michigan, Altair,1,104,,,157.33,1404,114.28,12532,,,129,522234,,,,,,,,,,,,,,,,,,,,,
Michigan, Altair,2,210,,,110.465,986,132.775,8799,,,113,457461,,,,,,,,,,,,,,,,,,,,,
Michigan, Altair,3,310,,,169.205,1510,163.985,13478,,,129,522234,,,,,,,,,,,,,,,,,,,,,
Michigan, Altair,4,415,,,70.655,631,172.42,5628,,,95,384591,,,,,,,,,,,,,,,,,,,,,
Michigan, Altair,5,507,,,85.74,765,191.93,6830,,,102,412929,,,,,,,,,,,,,,,,,,,,,
Michigan, Altair,6,601,,,125.93,1124,144.14,10031,,,113,457461,,,,,,,,,,,,,,,,,,,,,
Michigan, Altair,7,704,,,140.685,1256,164.765,11206,,,104,421026,,,,,,,,,,,,,,,,,,,,,
Michigan, Altair,8,810,,,103.15,921,242.985,8217,,,140,566766,,,,,,,,,,,,,,,,,,,,,
Michigan,Anka,1,102,,,104.31,931,128.535,8309,,,144,582959,,,,,,,,,,,,,,,,,,,,,
Michigan,Anka,2,213,,,103.67,925,180.665,8258,,,147,595104,,,,,,,,,,,,,,,,,,,,,
Michigan,Anka,3,309,,,126.995,1133,197.83,10116,,,179,724651,,,,,,,,,,,,,,,,,,,,,
Michigan,Anka,4,404,,,139.795,1248,271.385,11136,,,144,582959,,,,,,,,,,,,,,,,,,,,,
Michigan,Anka,5,511,,,96.7,863,214.55,7703,,,115,465558,,,,,,,,,,,,,,,,,,,,,
Michigan,Anka,6,608,,,102.585,916,343.24,8172,,,149,603201,,,,,,,,,,,,,,,,,,,,,
Michigan,Anka,7,703,,,123.96,1106,174.525,9874,,,81,327914,,,,,,,,,,,,,,,,,,,,,
Michigan,Anka,8,801,,,84.685,756,271.845,6746,,,108,437219,,,,,,,,,,,,,,,,,,,,,
Michigan,Bialobrzeskie,1,105,,,66.125,590,99.465,5267,,,48,194320,,,,,,,,,,,,,,,,,,,,,
Michigan,Bialobrzeskie,2,202,,,192.755,1720,179.635,15354,,,66,267190,,,,,,,,,,,,,,,,,,,,,
Michigan,Bialobrzeskie,3,304,,,98.175,876,188.395,7820,,,47,190271,,,,,,,,,,,,,,,,,,,,,
Michigan,Bialobrzeskie,4,410,,,92.66,827,209.655,7381,,,68,275286,,,,,,,,,,,,,,,,,,,,,
Michigan,Bialobrzeskie,5,515,,,124.575,1112,151.655,9923,,,68,275286,,,,,,,,,,,,,,,,,,,,,
Michigan,Bialobrzeskie,6,610,,,71.345,637,278.81,5683,,,59,238851,,,,,,,,,,,,,,,,,,,,,
Michigan,Bialobrzeskie,7,701,,,124.98,1115,140.415,9955,,,54,218610,,,,,,,,,,,,,,,,,,,,,
Michigan,Bialobrzeskie,8,806,,,113.425,1012,251.79,9035,,,34,137643,,,,,,,,,,,,,,,,,,,,,
Michigan,CFX1,1,115,,,197.37,1762,36.96,15722,,,100,404833,,,,,,,,,,,,,,,,,,,,,
Michigan,CFX1,2,211,,,196.18,1751,44.115,15627,,,115,465558,,,,,,,,,,,,,,,,,,,,,
Michigan,CFX1,3,308,,,205.21,1832,34.73,16346,,,106,429123,,,,,,,,,,,,,,,,,,,,,
Michigan,CFX1,4,402,,,271.255,2421,57.345,21607,,,81,327914,,,,,,,,,,,,,,,,,,,,,
Michigan,CFX1,5,512,,,185.11,1652,57.63,14745,,,115,465558,,,,,,,,,,,,,,,,,,,,,
Michigan,CFX1,6,615,,,203.505,1816,62.18,16210,,,135,546524,,,,,,,,,,,,,,,,,,,,,
Michigan,CFX1,7,708,,,194.235,1734,68.69,15472,,,83,336011,,,,,,,,,,,,,,,,,,,,,
Michigan,CFX1,8,815,,,231.66,2068,77.295,18453,,,102,412929,,,,,,,,,,,,,,,,,,,,,
Michigan,CRS1,1,109,,,228.71,2041,64.865,18218,,,79,319818,,,,,,,,,,,,,,,,,,,,,
Michigan,CRS1,2,203,,,201.045,1794,57.415,16015,,,104,421026,,,,,,,,,,,,,,,,,,,,,
Michigan,CRS1,3,312,,,210.94,1883,67.91,16803,,,126,510089,,,,,,,,,,,,,,,,,,,,,
Michigan,CRS1,4,407,,,219.725,1961,132.765,17502,,,86,348156,,,,,,,,,,,,,,,,,,,,,
Michigan,CRS1,5,501,,,166.81,1489,98.435,13287,,,120,485799,,,,,,,,,,,,,,,,,,,,,
Michigan,CRS1,6,614,,,197.365,1761,171.15,15721,,,90,364349,,,,,,,,,,,,,,,,,,,,,
Michigan,CRS1,7,713,,,215.78,1926,132.935,17188,,,83,336011,,,,,,,,,,,,,,,,,,,,,
Michigan,CRS1,8,811,,,159.705,1425,163.955,12722,,,115,465558,,,,,,,,,,,,,,,,,,,,,
Michigan,Grandi ,1,103,,,166.22,1484,13.92,13240,,,100,404833,,,,,,,,,,,,,,,,,,,,,
Michigan,Grandi ,2,206,,,173.745,1551,29.12,13840,,,129,522234,,,,,,,,,,,,,,,,,,,,,
Michigan,Grandi ,3,311,,,176.865,1579,25.29,14088,,,147,595104,,,,,,,,,,,,,,,,,,,,,
Michigan,Grandi ,4,409,,,156.555,1397,25.85,12471,,,156,631539,,,,,,,,,,,,,,,,,,,,,
Michigan,Grandi ,5,503,,,154.745,1381,20.54,12326,,,190,769182,,,,,,,,,,,,,,,,,,,,,
Michigan,Grandi ,6,605,,,139.02,1241,54.975,11074,,,135,546524,,,,,,,,,,,,,,,,,,,,,
Michigan,Grandi ,7,706,,,139.31,1243,34.275,11097,,,93,376494,,,,,,,,,,,,,,,,,,,,,
Michigan,Grandi ,8,802,,,184.615,1648,59.125,14706,,,142,574862,,,,,,,,,,,,,,,,,,,,,
Michigan,Henola,1,101,,,,0,,0,,,117,473654,,,,,,,,,,,,,,,,,,,,,
Michigan,Henola,2,204,,,179.04,1598,91.38,14262,,,129,522234,,,,,,,,,,,,,,,,,,,,,
Michigan,Henola,3,303,,,199.02,1776,81.445,15853,,,95,384591,,,,,,,,,,,,,,,,,,,,,
Michigan,Henola,4,406,,,198.095,1768,120.42,15780,,,145,587007,,,,,,,,,,,,,,,,,,,,,
Michigan,Henola,5,505,,,230.31,2056,117.785,18346,,,106,429123,,,,,,,,,,,,,,,,,,,,,
Michigan,Henola,6,609,,,150.9,1347,107.43,12020,,,151,611297,,,,,,,,,,,,,,,,,,,,,
Michigan,Henola,7,707,,,207.235,1850,154.92,16508,,,99,400784,,,,,,,,,,,,,,,,,,,,,
Michigan,Henola,8,803,,,133.885,1195,126.23,10665,,,113,457461,,,,,,,,,,,,,,,,,,,,,
Michigan,Hlesia,1,111,,,151.88,1356,268.22,12098,,,120,485799,,,,,,,,,,,,,,,,,,,,,
Michigan,Hlesia,2,212,,,137.36,1226,101.935,10942,,,156,631539,,,,,,,,,,,,,,,,,,,,,
Michigan,Hlesia,3,301,,,86.9,776,115.43,6922,,,117,473654,,,,,,,,,,,,,,,,,,,,,
Michigan,Hlesia,4,413,,,90.165,805,224.335,7182,,,123,497944,,,,,,,,,,,,,,,,,,,,,
Michigan,Hlesia,5,504,,,76.545,683,194.715,6097,,,111,449364,,,,,,,,,,,,,,,,,,,,,
Michigan,Hlesia,6,612,,,70.915,633,118.26,5649,,,111,449364,,,,,,,,,,,,,,,,,,,,,
Michigan,Hlesia,7,702,,,137.88,1231,247.715,10983,,,90,364349,,,,,,,,,,,,,,,,,,,,,
Michigan,Hlesia,8,814,,,86.92,776,291.01,6924,,,131,530331,,,,,,,,,,,,,,,,,,,,,
Michigan,Hliana,1,113,,,175.38,1565,107.945,13970,,,77,311721,,,,,,,,,,,,,,,,,,,,,
Michigan,Hliana,2,215,,,138.02,1232,167.015,10994,,,84,340059,,,,,,,,,,,,,,,,,,,,,
Michigan,Hliana,3,307,,,153.015,1366,159.615,12189,,,79,319818,,,,,,,,,,,,,,,,,,,,,
Michigan,Hliana,4,403,,,112.545,1004,146.555,8965,,,59,238851,,,,,,,,,,,,,,,,,,,,,
Michigan,Hliana,5,502,,,113.15,1010,133.82,9013,,,84,340059,,,,,,,,,,,,,,,,,,,,,
Michigan,Hliana,6,606,,,106.075,947,146.2,8450,,,93,376494,,,,,,,,,,,,,,,,,,,,,
Michigan,Hliana,7,705,,,118.705,1059,214.61,9456,,,68,275286,,,,,,,,,,,,,,,,,,,,,
Michigan,Hliana,8,812,,,76.075,679,177.39,6060,,,74,299576,,,,,,,,,,,,,,,,,,,,,
Michigan,Hlukauskii 51,1,112,,,101.375,905,125.435,8075,,,136,550572,,,,,,,,,,,,,,,,,,,,,
Michigan,Hlukauskii 51,2,207,,,89.855,802,185.03,7158,,,113,457461,,,,,,,,,,,,,,,,,,,,,
Michigan,Hlukauskii 51,3,314,,,95.745,855,302.515,7627,,,99,400784,,,,,,,,,,,,,,,,,,,,,
Michigan,Hlukauskii 51,4,408,,,55.07,492,205.95,4387,,,100,404833,,,,,,,,,,,,,,,,,,,,,
Michigan,Hlukauskii 51,5,513,,,76.55,683,175.39,6098,,,95,384591,,,,,,,,,,,,,,,,,,,,,
Michigan,Hlukauskii 51,6,607,,,58.805,525,176.505,4684,,,122,493896,,,,,,,,,,,,,,,,,,,,,
Michigan,Hlukauskii 51,7,714,,,64.09,572,252.36,5105,,,126,510089,,,,,,,,,,,,,,,,,,,,,
Michigan,Hlukauskii 51,8,813,,,65.6,585,288.83,5225,,,124,501993,,,,,,,,,,,,,,,,,,,,,
Michigan,Katani,1,114,,,173.965,1553,21.75,13857,,,102,412929,,,,,,,,,,,,,,,,,,,,,
Michigan,Katani,2,208,,,123.96,1106,27.81,9874,,,160,647732,,,,,,,,,,,,,,,,,,,,,
Michigan,Katani,3,315,,,180.355,1610,190.88,14366,,,135,546524,,,,,,,,,,,,,,,,,,,,,
Michigan,Katani,4,405,,,145.87,1302,40.905,11619,,,147,595104,,,,,,,,,,,,,,,,,,,,,
Michigan,Katani,5,509,,,152.565,1362,31.105,12153,,,127,514138,,,,,,,,,,,,,,,,,,,,,
Michigan,Katani,6,613,,,175.885,1570,65.115,14010,,,111,449364,,,,,,,,,,,,,,,,,,,,,
Michigan,Katani,7,709,,,138.275,1234,44.18,11014,,,97,392688,,,,,,,,,,,,,,,,,,,,,
Michigan,Katani,8,805,,,186.185,1662,55.105,14831,,,131,530331,,,,,,,,,,,,,,,,,,,,,
Michigan,NWG2730,1,107,,,,0,,0,,,90,364349,,,,,,,,,,,,,,,,,,,,,
Michigan,NWG2730,2,214,,,152.84,1364,195.495,12175,,,111,449364,,,,,,,,,,,,,,,,,,,,,
Michigan,NWG2730,3,313,,,142.245,1270,228.61,11331,,,117,473654,,,,,,,,,,,,,,,,,,,,,
Michigan,NWG2730,4,401,,,145.47,1298,196.755,11588,,,108,437219,,,,,,,,,,,,,,,,,,,,,
Michigan,NWG2730,5,508,,,130.595,1166,153.44,10403,,,108,437219,,,,,,,,,,,,,,,,,,,,,
Michigan,NWG2730,6,602,,,119.52,1067,254.455,9521,,,118,477703,,,,,,,,,,,,,,,,,,,,,
Michigan,NWG2730,7,710,,,292.485,2610,278.09,23298,,,72,291480,,,,,,,,,,,,,,,,,,,,,
Michigan,NWG2730,8,809,,,246.07,2196,177.54,19601,,,63,255045,,,,,,,,,,,,,,,,,,,,,
Michigan,NWG452,1,110,,,67.67,604,148.42,5390,,,106,429123,,,,,,,,,,,,,,,,,,,,,
Michigan,NWG452,2,209,,,55.27,493,188.75,4403,,,156,631539,,,,,,,,,,,,,,,,,,,,,
Michigan,NWG452,3,305,,,100.29,895,229.55,7989,,,126,510089,,,,,,,,,,,,,,,,,,,,,
Michigan,NWG452,4,414,,,76.95,687,253.825,6130,,,99,400784,,,,,,,,,,,,,,,,,,,,,
Michigan,NWG452,5,506,,,79.99,714,135.415,6372,,,179,724651,,,,,,,,,,,,,,,,,,,,,
Michigan,NWG452,6,611,,,132.68,1184,372.92,10569,,,111,449364,,,,,,,,,,,,,,,,,,,,,
Michigan,NWG452,7,712,,,110.675,988,208.24,8816,,,138,558669,,,,,,,,,,,,,,,,,,,,,
Michigan,NWG452,8,808,,,117.61,1050,284.235,9368,,,126,510089,,,,,,,,,,,,,,,,,,,,,
Michigan,Picolo ,1,106,,,121.245,1082,17.185,9658,,,102,412929,,,,,,,,,,,,,,,,,,,,,
Michigan,Picolo ,2,201,,,162.86,1454,28.525,12973,,,100,404833,,,,,,,,,,,,,,,,,,,,,
Michigan,Picolo ,3,302,,,197.13,1759,22.43,15703,,,86,348156,,,,,,,,,,,,,,,,,,,,,
Michigan,Picolo ,4,412,,,193.005,1723,40.55,15374,,,120,485799,,,,,,,,,,,,,,,,,,,,,
Michigan,Picolo ,5,514,,,129.605,1157,45.455,10324,,,102,412929,,,,,,,,,,,,,,,,,,,,,
Michigan,Picolo ,6,604,,,165.14,1474,65.29,13154,,,88,356253,,,,,,,,,,,,,,,,,,,,,
Michigan,Picolo ,7,711,,,194.335,1734,63.81,15480,,,133,538428,,,,,,,,,,,,,,,,,,,,,
Michigan,Picolo ,8,804,,,158.395,1414,54.1345,12617,,,93,376494,,,,,,,,,,,,,,,,,,,,,
Michigan,X59,1,108,,,205.225,1832,41.15,16347,,,88,356253,,,,,,,,,,,,,,,,,,,,,
Michigan,X59,2,205,,,269.63,2406,77.43,21478,,,84,340059,,,,,,,,,,,,,,,,,,,,,
Michigan,X59,3,306,,,254.83,2274,86.675,20299,,,111,449364,,,,,,,,,,,,,,,,,,,,,
Michigan,X59,4,411,,,242.685,2166,93.09,19331,,,106,429123,,,,,,,,,,,,,,,,,,,,,
Michigan,X59,5,510,,,257.72,2300,84.82,20529,,,86,348156,,,,,,,,,,,,,,,,,,,,,
Michigan,X59,6,603,,,186.81,1667,51.325,14881,,,100,404833,,,,,,,,,,,,,,,,,,,,,
Michigan,X59,7,715,,,242.36,2163,122.605,19306,,,95,384591,,,,,,,,,,,,,,,,,,,,,
Michigan,X59,8,807,,,229.31,2047,110.27,18266,,,108,437219,,,,,,,,,,,,,,,,,,,,,
Montana, Altair,1,102,,,272.5,2426.678074,272.5,7689.166226,38.2,,,154570.8076,179.3,,13,,,,,,,,,,,,,,,,,,
Montana, Altair,2,207,,,360.6,3210.909402,360.6,8773.033109,24.3,,,98566.89183,195.7,,10,,,,,,,,,,,,,,,,,,
Montana, Altair,3,301,,,90.2,803.4671915,90.2,7568.572163,17.7,,,71685.01224,189,,10,,,,,,,,,,,,,,,,,,
Montana, Altair,4,407,,,135.8,1209.639832,135.8,,17.2,,,69444.85561,187.3,,14,,,,,,,,,,,,,,,,,,
Montana,Anka,1,101,,,170.6,1519.63316,170.6,6708.877065,26.6,,,107527.5184,207,,12,,,,,,,,,,,,,,,,,,
Montana,Anka,2,212,,,162,1442.689708,162,10243.09693,35.4,,,143370.0245,235.7,,11,,,,,,,,,,,,,,,,,,
Montana,Anka,3,311,,,130.4,1161.550176,130.4,8008.777484,45.4,,,183692.8439,234.3,,12,,,,,,,,,,,,,,,,,,
Montana,Anka,4,409,,,66,588.1734965,66,4516.728549,26.6,,,107527.5184,176.7,,11,,,,,,,,,,,,,,,,,,
Montana,Bialobrzeskie,1,103,,,33.7,300.0054753,33.7,5050.523741,7.2,,,29122.03622,239.3,,11,,,,,,,,,,,,,,,,,,
Montana,Bialobrzeskie,2,204,,,28.7,255.9849431,28.7,7350.319104,13.8,,,56003.91581,248.3,,13,,,,,,,,,,,,,,,,,,
Montana,Bialobrzeskie,3,310,,,37.5,333.6682351,37.5,5970.51587,10.5,,,42562.97602,230,,13,,,,,,,,,,,,,,,,,,
Montana,Bialobrzeskie,4,411,,,25.8,229.720592,25.8,6022.304732,16,,,64964.54234,240.3,,13,,,,,,,,,,,,,,,,,,
Montana,CFX1,1,108,,,136.5,1215.92848,136.5,3853.091283,24.3,,,98566.89183,111,,10,,,,,,,,,,,,,,,,,,
Montana,CFX1,2,201,,,179.1,1595.096929,179.1,4692.810677,18.3,,,73925.16887,134,,11,,,,,,,,,,,,,,,,,,
Montana,CFX1,3,312,,,403.2,3590.817692,403.2,9564.662847,21.6,,,87366.10867,136,,10,,,,,,,,,,,,,,,,,,
Montana,CFX1,4,401,,,318.3,2834.330396,318.3,8769.333905,23.8,,,96326.7352,153,,10,,,,,,,,,,,,,,,,,,
Montana,Henola ,1,104,,,186.2,1657.983403,186.2,6074.093593,19.9,,,80645.63877,154.7,,11,,,,,,,,,,,,,,,,,,
Montana,Henola ,2,206,,,205.2,1827.406964,205.2,7649.954659,28.2,,,114247.9883,183.3,,11,,,,,,,,,,,,,,,,,,
Montana,Henola ,3,305,,,197.7,1760.821285,197.7,6246.476517,35.4,,,143370.0245,169,,9,,,,,,,,,,,,,,,,,,
Montana,Henola ,4,410,,,129.2,1150.452562,129.2,,36.5,,,147850.3377,145.7,,9,,,,,,,,,,,,,,,,,,
Montana,Hlesia,1,105,,,48,427.6280264,863.4,5770.758834,38.2,,,154570.8076,178.3,,10,,,,,,,,,,,,,,,,,,
Montana,Hlesia,2,203,,,130.7,1164.139619,985.1,7208.269656,22.1,,,89606.2653,205.3,,11,,,,,,,,,,,,,,,,,,
Montana,Hlesia,3,308,,,56.1,499.3925914,849.9,6185.069724,41.5,,,168011.7474,246,,10,,,,,,,,,,,,,,,,,,
Montana,Hlesia,4,404,,,35.7,318.1315767, ,4105.181704,28.8,,,116488.1449,218,,11,,,,,,,,,,,,,,,,,,
Montana,Hliana,1,106,,,58.7,522.3276585,753.3,7302.229447,21.6,,,87366.10867,217,,11,,,,,,,,,,,,,,,,,,
Montana,Hliana,2,208,,,33.2,295.9363505,1150.2,4775.672855,13.8,,,56003.91581,196.7,,10,,,,,,,,,,,,,,,,,,
Montana,Hliana,3,302,,,58.2,517.8886133,899.3,5460.025666,10,,,40322.81939,185.3,,11,,,,,,,,,,,,,,,,,,
Montana,Hliana,4,408,,,31.2,277.4403285,507.2,4176.401746,11.6,,,47043.28928,212.7,,11,,,,,,,,,,,,,,,,,,
Montana,Hlukauskii 51,1,107,,,53.7,477.937206,567.1,6540.193345,25.5,,,103047.2051,166,,10,,,,,,,,,,,,,,,,,,
Montana,Hlukauskii 51,2,211,,,35.3,314.4323724,825.4,4868.152965,34.9,,,141129.8678,224,,10,,,,,,,,,,,,,,,,,,
Montana,Hlukauskii 51,3,309,,,24.9,221.9522628,670.4,5023.519549,34.9,,,141129.8678,223.3,,11,,,,,,,,,,,,,,,,,,
Montana,Hlukauskii 51,4,412,,,34.5,307.0339636,676.3,5644.985885,33.8,,,136649.5546,214,,10,,,,,,,,,,,,,,,,,,
Montana,Katani,1,109,,,142.6,1269.566943,432.7,3719.919925,31.5,,,127688.9281,114.7,,9,,,,,,,,,,,,,,,,,,
Montana,Katani,2,202,,,163.1,1452.30764,527,,27.7,,,112007.8316,93,,10,,,,,,,,,,,,,,,,,,
Montana,Katani,3,307,,,209.8,1868.098212,1074,4914.76294,17.2,,,69444.85561,107.3,,9,,,,,,,,,,,,,,,,,,
Montana,Katani,4,406,,,275.8,2456.271709,984.7,,20.5,,,82885.7954,121,,12,,,,,,,,,,,,,,,,,,
Montana,NWG2730,1,111,,,124.7,1110.501155,682.1,9177.726068,20.5,,,82885.7954,212.7,,12,,,,,,,,,,,,,,,,,,
Montana,NWG2730,2,210,,,108.1,962.5329798,859,9296.100609,26.6,,,107527.5184,231.7,,15,,,,,,,,,,,,,,,,,,
Montana,NWG2730,3,303,,,132.6,1180.786038,701.4,8123.45282,16,,,64964.54234,206.7,,15,,,,,,,,,,,,,,,,,,
Montana,NWG2730,4,405,,,113,1006.553512, ,9281.303791,37.6,,,152330.651,197.7,,11,,,,,,,,,,,,,,,,,,
Montana,NWG452,1,112,,,93.7,834.5405083,648,5755.962016,39.8,,,161291.2775,209,,13,,,,,,,,,,,,,,,,,,
Montana,NWG452,2,205,,,61.1,543.783044,809.4,5630.189067,32.1,,,129929.0847,215.7,,9,,,,,,,,,,,,,,,,,,
Montana,NWG452,3,306,,,88.1,784.2313287,694.5,8515.568484,34.3,,,138889.7112,199.7,,9,,,,,,,,,,,,,,,,,,
Montana,NWG452,4,402,,,189.8,1690.536402,461,,42.1,,,170251.9041,189,,13,,,,,,,,,,,,,,,,,,
Montana,X59,1,110,,,231,2057.497477,820,6262.753016,18.8,,,76165.32551,151.7,,11,,,,,,,,,,,,,,,,,,
Montana,X59,2,209,,,288.7,2570.947045,536.3,7220.846951,17.7,,,71685.01224,136.7,,10,,,,,,,,,,,,,,,,,,
Montana,X59,3,304,,,316.9,2822.492942,613.1,7664.751477,13.8,,,56003.91581,173.3,,10,,,,,,,,,,,,,,,,,,
Montana,X59,4,403,,,234.3,2086.351271,469,5926.125418,24.3,,,98566.89183,124,,10,,,,,,,,,,,,,,,,,,
North_Dakota,Anka,4,,406,,,,,1600.1,,,7,,59,,,,,,,,,,,,,,,,,,,,
North_Dakota,Bialobrzeskie,2,,202,,,,,993.5,,,2.5,,66,,,,,,,,,,,,,,,,,,,,
North_Dakota,Bialobrzeskie,3,,308,,,,,1026.4,,,5,,60,,,,,,,,,,,,,,,,,,,,
North_Dakota,Bialobrzeskie,4,,412,,,,,892,,,3.5,,54,,,,,,,,,,,,,,,,,,,,
North_Dakota,CFX1,2,,201,,,,,1869,,,4,,40,,,,,,,,,,,,,,,,,,,,
North_Dakota,CFX1,3,,303,,,,,1802.4,,,5,,37,,,,,,,,,,,,,,,,,,,,
North_Dakota,CFX1,4,,410,,,,,892.9,,,7,,38,,,,,,,,,,,,,,,,,,,,
North_Dakota,CRS1,2,,203,,,,,1589,,,4.5,,52,,,,,,,,,,,,,,,,,,,,
North_Dakota,CRS1,3,,312,,,,,1445,,,6,,42,,,,,,,,,,,,,,,,,,,,
North_Dakota,CRS1,4,,403,,,,,2335.7,,,5.5,,49,,,,,,,,,,,,,,,,,,,,
North_Dakota,Henola,2,,211,,,,,1197.5,,,2.5,,30,,,,,,,,,,,,,,,,,,,,
North_Dakota,Henola,3,,306,,,,,1772.3,,,7,,47,,,,,,,,,,,,,,,,,,,,
North_Dakota,Henola,4,,408,,,,,1862.9,,,5,,46,,,,,,,,,,,,,,,,,,,,
North_Dakota,Hlesia,2,,205,,,,,1218.7,,,4,,52,,,,,,,,,,,,,,,,,,,,
North_Dakota,Hlesia,3,,309,,,,,1472.3,,,7,,52,,,,,,,,,,,,,,,,,,,,
North_Dakota,Hlesia,4,,405,,,,,994.4,,,5,,47,,,,,,,,,,,,,,,,,,,,
North_Dakota,Hliana,2,,204,,,,,991.5,,,4,,56,,,,,,,,,,,,,,,,,,,,
North_Dakota,Hliana,3,,302,,,,,940.5,,,3,,60,,,,,,,,,,,,,,,,,,,,
North_Dakota,Hliana,4,,401,,,,,1023.1,,,3,,48,,,,,,,,,,,,,,,,,,,,
North_Dakota,Hlukauskii 51,2,,212,,,,,751.3,,,1,,52,,,,,,,,,,,,,,,,,,,,
North_Dakota,Hlukauskii 51,3,,313,,,,,935.4,,,6,,48,,,,,,,,,,,,,,,,,,,,
North_Dakota,Hlukauskii 51,4,,413,,,,,890,,,7,,44,,,,,,,,,,,,,,,,,,,,
North_Dakota,Katani,2,,208,,,,,798.7,,,2.5,,25,,,,,,,,,,,,,,,,,,,,
North_Dakota,Katani,3,,304,,,,,970.5,,,3,,28,,,,,,,,,,,,,,,,,,,,
North_Dakota,Katani,4,,402,,,,,1625.8,,,5,,37,,,,,,,,,,,,,,,,,,,,
North_Dakota,NWG2730,2,,213,,,,,1049.3,,,2.5,,52,,,,,,,,,,,,,,,,,,,,
North_Dakota,NWG2730,3,,307,,,,,1810.4,,,7,,48,,,,,,,,,,,,,,,,,,,,
North_Dakota,NWG2730,4,,409,,,,,1809.2,,,6.6,,52,,,,,,,,,,,,,,,,,,,,
North_Dakota,X59,2,,206,,,,,1477.2,,,4,,50,,,,,,,,,,,,,,,,,,,,
North_Dakota,X59,3,,311,,,,,1513.9,,,7,,36,,,,,,,,,,,,,,,,,,,,
North_Dakota,X59,4,,411,,,,,893.4,,,5.5,,34,,,,,,,,,,,,,,,,,,,,
Vermont_1, Altair,1,,101,,,,2221,,180,,,,107,,,,,,,,,,,,,,,,,,,,
Vermont_1, Altair,2,,209,,,,1544,,336,,,,104,,,,,,,,,,,,,,,,,,,,
Vermont_1, Altair,3,,307,,,,958,,52,,,,120,,,,,,,,,,,,,,,,,,,,
Vermont_1, Altair,4,,401,,,,1514,,136,,,,102,,,,,,,,,,,,,,,,,,,,
Vermont_1,Anka,1,,108,,,,1792,,312,,,,111,,,,,,,,,,,,,,,,,,,,
Vermont_1,Anka,2,,206,,,,2139,,376,,,,101,,,,,,,,,,,,,,,,,,,,
Vermont_1,Anka,3,,309,,,,972,,92,,,,129,,,,,,,,,,,,,,,,,,,,
Vermont_1,Anka,4,,408,,,,246,,36,,,,96,,,,,,,,,,,,,,,,,,,,
Vermont_1,Bialobrzeskie,1,,107,,,,1399,,132,,,,74,,,,,,,,,,,,,,,,,,,,
Vermont_1,Bialobrzeskie,2,,205,,,,780,,36,,,,135,,,,,,,,,,,,,,,,,,,,
Vermont_1,Bialobrzeskie,3,,308,,,,623,,72,,,,107,,,,,,,,,,,,,,,,,,,,
Vermont_1,Bialobrzeskie,4,,403,,,,314,,88,,,,101,,,,,,,,,,,,,,,,,,,,
Vermont_1,Ferimon,1,,103,,,,2526,,232,,,,126,,,,,,,,,,,,,,,,,,,,
Vermont_1,Ferimon,2,,201,,,,1458,,124,,,,135,,,,,,,,,,,,,,,,,,,,
Vermont_1,Ferimon,3,,301,,,,1560,,132,,,,103,,,,,,,,,,,,,,,,,,,,
Vermont_1,Ferimon,4,,404,,,,1539,,128,,,,105,,,,,,,,,,,,,,,,,,,,
Vermont_1,Futura,1,,109,,,,1723,,168,,,,150,,,,,,,,,,,,,,,,,,,,
Vermont_1,Futura,2,,202,,,,1286,,128,,,,108,,,,,,,,,,,,,,,,,,,,
Vermont_1,Futura,3,,306,,,,800,,96,,,,101,,,,,,,,,,,,,,,,,,,,
Vermont_1,Futura,4,,407,,,,1328,,112,,,,138,,,,,,,,,,,,,,,,,,,,
Vermont_1,Henola,1,,106,,,,745,,140,,,,96,,,,,,,,,,,,,,,,,,,,
Vermont_1,Henola,2,,204,,,,1366,,148,,,,98,,,,,,,,,,,,,,,,,,,,
Vermont_1,Henola,3,,304,,,,868,,144,,,,94,,,,,,,,,,,,,,,,,,,,
Vermont_1,Henola,4,,409,,,,637,,120,,,,55,,,,,,,,,,,,,,,,,,,,
Vermont_1,Hlesia,1,,102,,,,1240,,160,,,,101,,,,,,,,,,,,,,,,,,,,
Vermont_1,Hlesia,2,,207,,,,1785,,324,,,,111,,,,,,,,,,,,,,,,,,,,
Vermont_1,Hlesia,3,,305,,,,1663,,84,,,,98,,,,,,,,,,,,,,,,,,,,
Vermont_1,Hlesia,4,,405,,,,863,,88,,,,99,,,,,,,,,,,,,,,,,,,,
Vermont_1,Hliana,1,,104,,,,1238,,76,,,,120,,,,,,,,,,,,,,,,,,,,
Vermont_1,Hliana,2,,208,,,,484,,112,,,,108,,,,,,,,,,,,,,,,,,,,
Vermont_1,Hliana,3,,303,,,,523,,68,,,,104,,,,,,,,,,,,,,,,,,,,
Vermont_1,Hliana,4,,406,,,,840,,100,,,,97,,,,,,,,,,,,,,,,,,,,
Vermont_1,Hlukauskii 51,1,,105,,,,1060,,184,,,,84,,,,,,,,,,,,,,,,,,,,
Vermont_1,Hlukauskii 51,2,,203,,,,499,,112,,,,147,,,,,,,,,,,,,,,,,,,,
Vermont_1,Hlukauskii 51,3,,302,,,,1236,,164,,,,109,,,,,,,,,,,,,,,,,,,,
Vermont_1,Hlukauskii 51,4,,402,,,,331,,88,,,,105,,,,,,,,,,,,,,,,,,,,
Vermont_2, Altair,1,,105,,96.13117444,857.9746606,,,,,74.62713121,,112,,,,,,,19.8,,,16,,,,,,,,,,
Vermont_2, Altair,2,,206,,92.26717299,823.4882897,,,,,120.5515196,,108.3333333,,,,,,,12.2,,,15,,,,,,,,,,
Vermont_2, Altair,3,,312,,91.12775424,813.3189309,,,,,68.88658265,,141,,,,,,,18.1,,,16,,,,,,,,,,
Vermont_2, Altair,4,,409,,110.2146802,983.6705255,,,,,109.0704225,,157,,,,,,,24.1,,,15,,,,,,,,,,
Vermont_2,Anka,1,,101,,107.0419197,955.3535078,,,,,126.2920682,,146.3333333,,,,,,,17.5,,,16,,,,,,,,,,
Vermont_2,Anka,2,,208,,165.7794795,1479.58863,,,,,97.58932543,,167,,,,,,,17.5,,,15,,,,,,,,,,
Vermont_2,Anka,3,,304,,117.5283079,1048.944951,,,,,63.1460341,,143.6666667,,,,,,,17.5,,,16,,,,,,,,,,
Vermont_2,Anka,4,,401,,58.40317496,521.2507233,,,,,63.1460341,,87.33333333,,,,,,,19.1,,,14,,,,,,,,,,
Vermont_2,Bialobrzeskie,1,,117,,74.73780475,667.0379618,,,,,34.44329133,,154,,,,,,,18.3,,,14,,,,,,,,,,
Vermont_2,Bialobrzeskie,2,,215,,106.0142078,946.1811369,,,,,51.66493699,,183.3333333,,,,,,,17.3,,,13,,,,,,,,,,
Vermont_2,Bialobrzeskie,3,,306,,87.877991,784.3146611,,,,,51.66493699,,151.3333333,,,,,,,14.5,,,13,,,,,,,,,,
Vermont_2,Bialobrzeskie,4,,407,,72.13549757,643.8122639,,,,,57.40548554,,125.6666667,,,,,,,19.2,,,15,,,,,,,,,,
Vermont_2,Canda,1,,113,,79.22974991,707.128756,,,,,63.1460341,,123,,,,,,,17.4,,,18,,,,,,,,,,
Vermont_2,Canda,2,,204,,78.45120223,700.1801861,,,,,51.66493699,,101.6666667,,,,,,,18.3,,,16,,,,,,,,,,
Vermont_2,Canda,3,,311,,55.5908765,496.1508447,,,,,22.96219422,,106.6666667,,,,,,,18.6,,,18,,,,,,,,,,
Vermont_2,Canda,4,,414,,60.76061562,542.2909776,,,,,63.1460341,,129,,,,,,,17.9,,,18,,,,,,,,,,
Vermont_2,CFX1,1,,104,,70.12577968,625.8754495,,,,,80.36767976,,90,,,,,,,16.6,,,13,,,,,,,,,,
Vermont_2,CFX1,2,,201,,54.42966833,485.7870143,,,,,63.1460341,,91,,,,,,,18.6,,,14,,,,,,,,,,
Vermont_2,CFX1,3,,301,,22.98208069,205.1160094,,,,,40.18383988,,79,,,,,,,22.4,,,16,,,,,,,,,,
Vermont_2,CFX1,4,,402,,190.4914627,1700.144089,,,,,109.0704225,,207.6666667,,,,,,,17,,,16,,,,,,,,,,
Vermont_2,CFX2,1,,115,,39.71453302,354.4538303,,,,,109.0704225,,70.33333333,,,,,,,17.2,,,15,,,,,,,,,,
Vermont_2,CFX2,2,,211,,39.1313291,349.2487115,,,,,28.70274277,,61.33333333,,,,,,,29.5,,,17,,,,,,,,,,
Vermont_2,CFX2,3,,315,,37.13665087,331.4461268,,,,,68.88658265,,73.33333333,,,,,,,17.5,,,17,,,,,,,,,,
Vermont_2,CFX2,4,,418,,44.65792512,398.5738068,,,,,114.8109711,,97.33333333,,,,,,,19.6,,,17,,,,,,,,,,
Vermont_2,CRS1,1,,103,,87.60282839,781.8588236,,,,,80.36767976,,112.6666667,,,,,,,17.9,,,15,,,,,,,,,,
Vermont_2,CRS1,2,,203,,100.9896902,901.3371126,,,,,68.88658265,,106,,,,,,,19.3,,,16,,,,,,,,,,
Vermont_2,CRS1,3,,302,,56.56091624,504.808489,,,,,57.40548554,,107,,,,,,,36.7,,,16,,,,,,,,,,
Vermont_2,CRS1,4,,408,,136.6341783,1219.465626,,,,,45.92438844,,107.3333333,,,,,,,17.6,,,16,,,,,,,,,,
Vermont_2,Ferimon,1,,118,,103.7005877,925.5319833,,,,,74.62713121,,120,,,,,,,17.7,,,16,,,,,,,,,,
Vermont_2,Ferimon,2,,212,,167.0576446,1490.996305,,,,,68.88658265,,137,,,,,,,18.2,,,15,,,,,,,,,,
Vermont_2,Ferimon,3,,307,,83.34109576,743.8226857,,,,,51.66493699,,158,,,,,,,37.1,,,15,,,,,,,,,,
Vermont_2,Ferimon,4,,410,,99.87905674,891.4246633,,,,,103.329874,,141.3333333,,,,,,,12.1,,,14,,,,,,,,,,
Vermont_2,Futura,1,,110,,157.1919297,1402.944397,,,,,68.88658265,,161,,,,,,,17.3,,,16,,,,,,,,,,
Vermont_2,Futura,2,,214,,183.7679313,1640.136297,,,,,57.40548554,,186.6666667,,,,,,,17.6,,,16,,,,,,,,,,
Vermont_2,Futura,3,,314,,168.6479539,1505.189881,,,,,91.84877687,,161,,,,,,,18.2,,,16,,,,,,,,,,
Vermont_2,Futura,4,,403,,155.3333799,1386.356764,,,,,74.62713121,,109.6666667,,,,,,,17.1,,,13,,,,,,,,,,
Vermont_2,Henola,1,,109,,105.1023927,938.0431499,,,,,74.62713121,,90,,,,,,,11.5,,,12,,,,,,,,,,
Vermont_2,Henola,2,,217,,97.58278571,870.9303505,,,,,74.62713121,,88.33333333,,,,,,,27.9,,,14,,,,,,,,,,
Vermont_2,Henola,3,,305,,54.48200724,486.2541412,,,,,80.36767976,,80.33333333,,,,,,,31.8,,,13,,,,,,,,,,
Vermont_2,Henola,4,,404,,73.14369412,652.8104593,,,,,57.40548554,,72.33333333,,,,,,,16.8,,,18,,,,,,,,,,
Vermont_2,Hlesia,1,,112,,74.00900116,660.53336,,,,,57.40548554,,100,,,,,,,16.2,,,17,,,,,,,,,,
Vermont_2,Hlesia,2,,213,,100.0210528,892.6919835,,,,,74.62713121,,150,,,,,,,18,,,15,,,,,,,,,,
Vermont_2,Hlesia,3,,316,,65.57074719,585.2215985,,,,,86.10822832,,106.3333333,,,,,,,18.9,,,10,,,,,,,,,,
Vermont_2,Hlesia,4,,413,,97.000557,865.7339354,,,,,80.36767976,,161.6666667,,,,,,,11.5,,,13,,,,,,,,,,
Vermont_2,Hliana,1,,114,,77.79218803,694.2984574,,,,,74.62713121,,147.3333333,,,,,,,16.8,,,12,,,,,,,,,,
Vermont_2,Hliana,2,,205,,72.16412595,644.0677734,,,,,57.40548554,,145.6666667,,,,,,,10.9,,,12,,,,,,,,,,
Vermont_2,Hliana,3,,313,,82.65853737,737.7308241,,,,,68.88658265,,149.6666667,,,,,,,12.4,,,13,,,,,,,,,,
Vermont_2,Hliana,4,,416,,58.54051731,522.4765094,,,,,63.1460341,,146.6666667,,,,,,,16.1,,,13,,,,,,,,,,
Vermont_2,Hlukauskii 51,1,,102,,105.6650763,943.065124,,,,,74.62713121,,132.3333333,,,,,,,17.2,,,12,,,,,,,,,,
Vermont_2,Hlukauskii 51,2,,202,,84.72769083,756.1981034,,,,,91.84877687,,146.6666667,,,,,,,12.3,,,11,,,,,,,,,,
Vermont_2,Hlukauskii 51,3,,303,,60.7858047,542.5157912,,,,,57.40548554,,132,,,,,,,25.3,,,13,,,,,,,,,,
Vermont_2,Hlukauskii 51,4,,406,,166.3019464,1484.251668,,,,,137.7731653,,133,,,,,,,17.5,,,16,,,,,,,,,,
Vermont_2,Joey,1,,106,,73.6315655,657.1647313,,,,,63.1460341,,80.33333333,,,,,,,17.6,,,16,,,,,,,,,,
Vermont_2,Joey,2,,210,,92.14492159,822.397191,,,,,63.1460341,,101,,,,,,,21.6,,,17,,,,,,,,,,
Vermont_2,Joey,3,,317,,91.15289075,813.5432752,,,,,74.62713121,,115,,,,,,,17.7,,,18,,,,,,,,,,
Vermont_2,Joey,4,,415,,125.5750183,1120.76217,,,,,143.5137139,,133.6666667,,,,,,,24.5,,,16,,,,,,,,,,
Vermont_2,Katani,1,,107,,50.97476529,454.9518634,,,,,132.0326168,,112.6666667,,,,,,,18.5,,,14,,,,,,,,,,
Vermont_2,Katani,2,,207,,28.48887562,254.2643792,,,,,34.44329133,,72,,,,,,,18.3,,,14,,,,,,,,,,
Vermont_2,Katani,3,,310,,33.01982998,294.7033321,,,,,22.96219422,,56.33333333,,,,,,,14.3,,,12,,,,,,,,,,
Vermont_2,Katani,4,,417,,31.47510119,280.9165644,,,,,97.58932543,,59,,,,,,,16.6,,,14,,,,,,,,,,
Vermont_2,NWG 2730,1,,116,,152.339401,1359.63538,,,,,91.84877687,,184,,,,,,,17.9,,,12,,,,,,,,,,
Vermont_2,NWG 2730,2,,209,,122.4396299,1092.778701,,,,,74.62713121,,177.3333333,,,,,,,13.7,,,10,,,,,,,,,,
Vermont_2,NWG 2730,3,,308,,78.60644739,701.5657555,,,,,63.1460341,,159.3333333,,,,,,,20.3,,,12,,,,,,,,,,
Vermont_2,NWG 2730,4,,411,,99.90149391,891.624916,,,,,45.92438844,,154,,,,,,,12.1,,,11,,,,,,,,,,
Vermont_2,NWG452,1,,108,,127.4738317,1137.709158,,,,,103.329874,,161.3333333,,,,,,,15.6,,,13,,,,,,,,,,
Vermont_2,NWG452,2,,216,,114.6645966,1023.386211,,,,,86.10822832,,142.6666667,,,,,,,16.2,,,15,,,,,,,,,,
Vermont_2,NWG452,3,,309,,160.3457614,1431.092474,,,,,132.0326168,,151.6666667,,,,,,,10.8,,,13,,,,,,,,,,
Vermont_2,NWG452,4,,412,,84.36375454,752.9499571,,,,,80.36767976,,147,,,,,,,16.2,,,13,,,,,,,,,,
Vermont_2,X59,1,,111,,107.1642948,956.4457104,,,,,34.44329133,,87.66666667,,,,,,,17.5,,,16,,,,,,,,,,
Vermont_2,X59,2,,218,,117.1718932,1045.763935,,,,,63.1460341,,95,,,,,,,18.1,,,17,,,,,,,,,,
Vermont_2,X59,3,,318,,116.9083814,1043.412082,,,,,114.8109711,,95.66666667,,,,,,,17.1,,,16,,,,,,,,,,
Vermont_2,X59,4,,405,,127.5577539,1138.458167,,,,,114.8109711,,149.3333333,,,,,,,17.6,,,13,,,,,,,,,,
Virginia,NWG2730,1,,110,,111.5,993,305,,102,,48,,121.1,,,,,,,,,,,,,,,,,,,,
Virginia,NWG2730,2,,209,,156.5,1394,377,,86,,56,,145.6,,,,,,,,,,,,,,,,,,,,
Virginia,NWG2730,3,,307,,127.5,1136,321,,79,,55,,129.5,,,,,,,,,,,,,,,,,,,,
Virginia,NWG2730,4,,409,,144.5,1287,297,,49,,42,,142.2,,,,,,,,,,,,,,,,,,,,
Virginia, Altair,1,,109,,103,917,191,,81,,43,,93.1,,,,,,,,,,,,,,,,,,,,
Virginia, Altair,2,,205,,156,1389,301,,77,,71,,122.8,,,,,,,,,,,,,,,,,,,,
Virginia, Altair,3,,313,,110,980,235.5,,64,,69,,89.7,,,,,,,,,,,,,,,,,,,,
Virginia, Altair,4,,413,,85,757,252,,40,,30,,127,,,,,,,,,,,,,,,,,,,,
Virginia,Anka,1,,103,,122.5,1091,193.5,,101,,71,,104.1,,,,,,,,,,,,,,,,,,,,
Virginia,Anka,2,,202,,126.5,1127,227,,78,,48,,101.6,,,,,,,,,,,,,,,,,,,,
Virginia,Anka,3,,301,,187.5,1670,309.5,,86,,44,,115.1,,,,,,,,,,,,,,,,,,,,
Virginia,Anka,4,,405,,151.5,1349,312,,58,,60,,129.5,,,,,,,,,,,,,,,,,,,,
Virginia,Bialobrzeskie,1,,105,,87,775,163,,32,,17,,109.2,,,,,,,,,,,,,,,,,,,,
Virginia,Bialobrzeskie,2,,203,,71.5,637,157.5,,42,,21,,116,,,,,,,,,,,,,,,,,,,,
Virginia,Bialobrzeskie,3,,308,,90,802,259,,43,,19,,119.4,,,,,,,,,,,,,,,,,,,,
Virginia,Bialobrzeskie,4,,408,,83.5,744,236,,36,,23,,133.8,,,,,,,,,,,,,,,,,,,,
Virginia,CFX1,1,,111,,95,846,79.5,,65,,45,,62.7,,,,,,,,,,,,,,,,,,,,
Virginia,CFX1,2,,207,,92,819,84.5,,60,,46,,55.9,,,,,,,,,,,,,,,,,,,,
Virginia,CFX1,3,,303,,94.5,842,81,,80,,49,,61,,,,,,,,,,,,,,,,,,,,
Virginia,CFX1,4,,407,,127,1131,111,,29,,26,,72.8,,,,,,,,,,,,,,,,,,,,
Virginia,CRS1,1,,107,,104.5,931,108.5,,66,,62,,73.7,,,,,,,,,,,,,,,,,,,,
Virginia,CRS1,2,,201,,143,1274,147.5,,78,,58,,88.1,,,,,,,,,,,,,,,,,,,,
Virginia,CRS1,3,,312,,164,1461,187.5,,67,,59,,108.4,,,,,,,,,,,,,,,,,,,,
Virginia,CRS1,4,,403,,107.5,958,106,,68,,46,,76.2,,,,,,,,,,,,,,,,,,,,
Virginia,Henola,1,,106,,117,1042,193.5,,96,,61,,92.3,,,,,,,,,,,,,,,,,,,,
Virginia,Henola,2,,212,,139,1238,208,,76,,89,,72.8,,,,,,,,,,,,,,,,,,,,
Virginia,Henola,3,,310,,167,1487,256.5,,54,,37,,79.6,,,,,,,,,,,,,,,,,,,,
Virginia,Henola,4,,404,,177,1577,235,,48,,39,,77.9,,,,,,,,,,,,,,,,,,,,
Virginia,Hlesia,1,,112,,115,1024,241.5,,99,,40,,103.3,,,,,,,,,,,,,,,,,,,,
Virginia,Hlesia,2,,213,,,0,298.5,,81,,67,,91.4,,,,,,,,,,,,,,,,,,,,
Virginia,Hlesia,3,,306,,83,739,262.5,,67,,51,,98.2,,,,,,,,,,,,,,,,,,,,
Virginia,Hlesia,4,,411,,97.5,868,182,,65,,40,,94.8,,,,,,,,,,,,,,,,,,,,
Virginia,Hliana,1,,104,,96.5,860,161,,42,,40,,82.1,,,,,,,,,,,,,,,,,,,,
Virginia,Hliana,2,,210,,93,828,251,,59,,51,,88.1,,,,,,,,,,,,,,,,,,,,
Virginia,Hliana,3,,311,,72.5,646,207.5,,57,,45,,102.4,,,,,,,,,,,,,,,,,,,,
Virginia,Hliana,4,,406,,89,793,173.5,,30,,22,,97.4,,,,,,,,,,,,,,,,,,,,
Virginia,Hlukauskii 51,1,,113,,77,686,209.5,,82,,40,,94.8,,,,,,,,,,,,,,,,,,,,
Virginia,Hlukauskii 51,2,,208,,99.5,886,221,,63,,76,,91.4,,,,,,,,,,,,,,,,,,,,
Virginia,Hlukauskii 51,3,,305,,72.5,646,188,,71,,57,,88.1,,,,,,,,,,,,,,,,,,,,
Virginia,Hlukauskii 51,4,,412,,83.5,744,250,,63,,36,,101.6,,,,,,,,,,,,,,,,,,,,
Virginia,Katani,1,,102,,71,632,53,,128,,47,,42.3,,,,,,,,,,,,,,,,,,,,
Virginia,Katani,2,,211,,103.5,922,107.5,,74,,58,,61.8,,,,,,,,,,,,,,,,,,,,
Virginia,Katani,3,,304,,99.5,886,76.5,,101,,40,,70.3,,,,,,,,,,,,,,,,,,,,
Virginia,Katani,4,,402,,87,775,60.5,,74,,51,,51.6,,,,,,,,,,,,,,,,,,,,
Virginia,NWG452,1,,101,,101.5,904,242,,87,,50,,105,,,,,,,,,,,,,,,,,,,,
Virginia,NWG452,2,,206,,79.5,708,264.5,,112,,73,,112.6,,,,,,,,,,,,,,,,,,,,
Virginia,NWG452,3,,309,,107,953,229,,88,,46,,120.2,,,,,,,,,,,,,,,,,,,,
Virginia,NWG452,4,,410,,124,1104,283.5,,37,,20,,128.7,,,,,,,,,,,,,,,,,,,,
Virginia,X59,1,,108,,156,1389,120.5,,62,,34,,54.2,,,,,,,,,,,,,,,,,,,,
Virginia,X59,2,,204,,79,704,89,,46,,24,,49.1,,,,,,,,,,,,,,,,,,,,
Virginia,X59,3,,302,,115.5,1029,90.5,,41,,17,,53.3,,,,,,,,,,,,,,,,,,,,
Virginia,X59,4,,401,,111.5,993,83.5,,40,,25,,76.2,,,,,,,,,,,,,,,,,,,,
Wisconsin, Altair,1,,101,,,937.0921019,,4246.77204,27,,,,195,,8.935,,,,,,,,,,,,,,,,,,
Wisconsin, Altair,3,,207,,,1660.815541,,4594.72185,26,,,,256.3333333,,5.261,,,,,,,,,,,,,,,,,,
Wisconsin, Altair,2,,405,,,1057.232115,,4157.55414,47,,,,169.6666667,,7.771,,,,,,,,,,,,,,,,,,
Wisconsin, Altair,4,,511,,,1754.044191,,5406.60474,60,,,,195,,8.416,,,,,,,,,,,,,,,,,,
Wisconsin,Anka,1,,102,,,1212.933572,,5915.14677,42,,,,195,,8.409,,,,,,,,,,,,,,,,,,
Wisconsin,Anka,4,,110,,,1748.27747,,6120.34794,38,,,,192,,7.711,,,,,,,,,,,,,,,,,,
Wisconsin,Anka,3,,208,,,1364.790548,,4291.38099,50,,,,195,,6.039,,,,,,,,,,,,,,,,,,
Wisconsin,Anka,2,,506,,,1289.82318,,5022.96777,83,,,,222,,9.537,,,,,,,,,,,,,,,,,,
Wisconsin,Bialobrzeskie,1,,103,,,993.7981881,,5237.09073,44,,,,198.3333333,,8.347,,,,,,,,,,,,,,,,,,
Wisconsin,Bialobrzeskie,3,,107,,,1428.224475,,5460.13548,75,,,,166.6666667,,7.15,,,,,,,,,,,,,,,,,,
Wisconsin,Bialobrzeskie,4,,212,,,1382.09071,,4764.23586,7,,,,195,,7.408,,,,,,,,,,,,,,,,,,
Wisconsin,Bialobrzeskie,2,,504,,,1487.813922,,7101.74484,13,,,,234.6666667,,8.71,,,,,,,,,,,,,,,,,,
Wisconsin,CFX1,2,,106,,,614.1557468,,856.49184,60,,,,103,,6.964,,,,,,,,,,,,,,,,,,
Wisconsin,CFX1,4,,112,,,2214.420721,,2052.0117,5,,,,130.6666667,,6.871,,,,,,,,,,,,,,,,,,
Wisconsin,CFX1,1,,201,,,747.7514413,,1516.7043,8,,,,147.3333333,,6.54,,,,,,,,,,,,,,,,,,
Wisconsin,CFX1,3,,409,,,2186.548238,,2444.57046,40,,,,168.6666667,,7.587,,,,,,,,,,,,,,,,,,
Wisconsin,CRS1,3,,109,,,2225.954162,,4282.4592,64,,,,143.6666667,,6.719,,,,,,,,,,,,,,,,,,
Wisconsin,CRS1,1,,202,,,2127.919911,,3158.31366,54,,,,167,,6.956,,,,,,,,,,,,,,,,,,
Wisconsin,CRS1,4,,211,,,1950.112692,,2489.17941,88,,,,171.3333333,,8.377,,,,,,,,,,,,,,,,,,
Wisconsin,CRS1,2,,306,,,2323.027293,,3015.56502,24,,,,173,,9.342,,,,,,,,,,,,,,,,,,
Wisconsin,Henola,1,,203,,,2216.342961,,4567.95648,15,,,,166.6666667,,6.646,,,,,,,,,,,,,,,,,,
Wisconsin,Henola,2,,205,,,2116.38647,,4050.49266,49,,,,150,,13.135,,,,,,,,,,,,,,,,,,
Wisconsin,Henola,3,,309,,,1780.955554,,3738.23001,50,,,,167.6666667,,8.818,,,,,,,,,,,,,,,,,,
Wisconsin,Henola,4,,412,,,1662.737781,,3220.76619,85,,,,156.6666667,,7.916,,,,,,,,,,,,,,,,,,
Wisconsin,Hlesia,4,,111,,,1486.852802,,4335.98994,23,,,,162.6666667,,6.657,,,,,,,,,,,,,,,,,,
Wisconsin,Hlesia,2,,206,,,901.5306581,,4799.92302,57,,,,185.3333333,,5.632,,,,,,,,,,,,,,,,,,
Wisconsin,Hlesia,1,,301,,,1192.75005,,4621.48722,40,,,,158.3333333,,8.755,,,,,,,,,,,,,,,,,,
Wisconsin,Hlesia,3,,407,,,940.9365824,,3791.76075,86,,,,208,,8.309,,,,,,,,,,,,,,,,,,
Wisconsin,Hliana,1,,302,,,1297.512141,,5647.49307,19,,,,220.6666667,,9.417,,,,,,,,,,,,,,,,,,
Wisconsin,Hliana,2,,304,,,756.4015223,,3488.41989,11,,,,218.3333333,,9.263,,,,,,,,,,,,,,,,,,
Wisconsin,Hliana,4,,312,,,1125.471642,,3372.43662,6,,,,166.3333333,,8.734,,,,,,,,,,,,,,,,,,
Wisconsin,Hliana,3,,509,,,1157.188606,,5665.33665,32,,,,194,,8.757,,,,,,,,,,,,,,,,,,
Wisconsin,Hlukauskii 51,1,,303,,,844.8245719,,4237.85025,52,,,,178.6666667,,8.415,,,,,,,,,,,,,,,,,,
Wisconsin,Hlukauskii 51,3,,307,,,784.2740053,,3818.52612,44,,,,197.3333333,,10.132,,,,,,,,,,,,,,,,,,
Wisconsin,Hlukauskii 51,2,,406,,,1455.135838,,5968.67751,50,,,,191.3333333,,8.848,,,,,,,,,,,,,,,,,,
Wisconsin,Hlukauskii 51,4,,411,,,1112.015961,,4683.93975,66,,,,175.3333333,,8.45,,,,,,,,,,,,,,,,,,
Wisconsin,Katani,3,,108,,,3383.142768,,2417.80509,48,,,,112,,5.952,,,,,,,,,,,,,,,,,,
Wisconsin,Katani,2,,204,,,2013.546619,,1712.98368,38,,,,122,,6.617,,,,,,,,,,,,,,,,,,
Wisconsin,Katani,1,,401,,,1412.846554,,1338.2685,26,,,,133,,8.25,,,,,,,,,,,,,,,,,,
Wisconsin,Katani,4,,510,,,1969.335094,,2257.21287,64,,,,137.3333333,,9.519,,,,,,,,,,,,,,,,,,
Wisconsin,NWG2730,2,,104,,,558.4107807,,2872.81638,44,,,,174.6666667,,8.487,,,,,,,,,,,,,,,,,,
Wisconsin,NWG2730,1,,403,,,1073.571157,,3889.90044,27,,,,204.3333333,,8.014,,,,,,,,,,,,,,,,,,
Wisconsin,NWG2730,3,,508,,,1151.421885,,3800.68254,12,,,,233.3333333,,9.811,,,,,,,,,,,,,,,,,,
Wisconsin,NWG2730,4,,512,,,1587.770413,,5781.31992,19,,,,187.6666667,,7.735,,,,,,,,,,,,,,,,,,
Wisconsin,NWG452,3,,209,,,947.6644231,,3515.18526,51,,,,194.6666667,,5.86,,,,,,,,,,,,,,,,,,
Wisconsin,NWG452,1,,402,,,1090.871319,,3898.82223,60,,,,196,,8.242,,,,,,,,,,,,,,,,,,
Wisconsin,NWG452,4,,410,,,1282.134219,,4630.40901,42,,,,138.3333333,,8.4,,,,,,,,,,,,,,,,,,
Wisconsin,NWG452,2,,505,,,1187.944449,,4121.86698,37,,,,223.6666667,,8.407,,,,,,,,,,,,,,,,,,
Wisconsin,Rigel,3,,308,,,1220.622533,,4541.19111,12,,,,218.6666667,,8.359,,,,,,,,,,,,,,,,,,
Wisconsin,Rigel,4,,310,,,1437.835676,,4683.93975,24,,,,203.6666667,,8.545,,,,,,,,,,,,,,,,,,
Wisconsin,Rigel,2,,404,,,1213.894692,,3979.11834,46,,,,182.3333333,,9.171,,,,,,,,,,,,,,,,,,
Wisconsin,Rigel,1,,501,,,1175.449888,,2765.7549,5,,,,204.6666667,,8.626,,,,,,,,,,,,,,,,,,
Wisconsin,Vega,2,,105,,,1135.082843,,4362.75531,40,,,,152.3333333,,8.346,,,,,,,,,,,,,,,,,,
Wisconsin,Vega,4,,311,,,1792.488995,,4898.06271,44,,,,178,,8.156,,,,,,,,,,,,,,,,,,
Wisconsin,Vega,1,,502,,,1993.363097,,5165.71641,54,,,,173,,9.176,,,,,,,,,,,,,,,,,,
Wisconsin,Vega,3,,507,,,1681.960183,,4906.9845,87,,,,180.6666667,,8.324,,,,,,,,,,,,,,,,,,
Wisconsin,X59,4,,210,,,2903.543836,,3131.54829,99,,,,147.6666667,,7.322,,,,,,,,,,,,,,,,,,
Wisconsin,X59,2,,305,,,2990.044645,,3283.21872,21,,,,147.6666667,,8.461,,,,,,,,,,,,,,,,,,
Wisconsin,X59,3,,408,,,2642.119167,,2970.95607,30,,,,131.3333333,,8.685,,,,,,,,,,,,,,,,,,
Wisconsin,X59,1,,503,,,2579.646361,,2676.537,34,,,,144.3333333,,10.262,,,,,,,,,,,,,,,,,,
,,,,,Alternate Units:,,,,,,,,,,,,,,,,,,,,,,,,,,,,,
