Year,Month,Day,Block,Row,Column,Rep,Height_cm,Sex
2019,May,24,1,1,A,1,20,V
2019,May,24,1,1,A,2,23,V
2019,May,24,1,1,A,3,24,V
2019,May,24,1,1,A,4,20,V
2019,May,24,1,1,A,5,21,V
2019,May,24,1,1,A,6,24,V
2019,May,24,1,1,A,7,20,V
2019,May,24,1,1,A,8,19,V
2019,May,24,1,1,A,9,22,V
2019,May,24,1,1,A,10,33,V
2019,May,24,1,1,B,1,24,V
2019,May,24,1,1,B,2,16,V
2019,May,24,1,1,B,3,22,V
2019,May,24,1,1,B,4,27,V
2019,May,24,1,1,B,5,27,V
2019,May,24,1,1,B,6,26,V
2019,May,24,1,1,B,7,19,V
2019,May,24,1,1,B,8,23,V
2019,May,24,1,1,B,9,27,V
2019,May,24,1,1,B,10,26,V
2019,May,24,1,1,C,1,15,V
2019,May,24,1,1,C,2,13,V
2019,May,24,1,1,C,3,22,V
2019,May,24,1,1,C,4,15,V
2019,May,24,1,1,C,5,22,V
2019,May,24,1,1,C,6,12,V
2019,May,24,1,1,C,7,27,V
2019,May,24,1,1,C,8,12,V
2019,May,24,1,1,C,9,20,V
2019,May,24,1,1,C,10,20,V
2019,May,24,1,1,D,1,8,V
2019,May,24,1,1,D,2,6,V
2019,May,24,1,1,D,3,6,V
2019,May,24,1,1,D,4,10,V
2019,May,24,1,1,D,5,16,V
2019,May,24,1,1,D,6,15,V
2019,May,24,1,1,D,7,14,V
2019,May,24,1,1,D,8,15,V
2019,May,24,1,1,D,9,9,V
2019,May,24,1,1,D,10,,
2019,May,24,1,2,A,1,5,V
2019,May,24,1,2,A,2,5,V
2019,May,24,1,2,A,3,5,V
2019,May,24,1,2,A,4,5,V
2019,May,24,1,2,A,5,6,V
2019,May,24,1,2,A,6,9,V
2019,May,24,1,2,A,7,7,V
2019,May,24,1,2,A,8,,
2019,May,24,1,2,A,9,,
2019,May,24,1,2,A,10,,
2019,May,24,1,2,B,1,8,V
2019,May,24,1,2,B,2,10,V
2019,May,24,1,2,B,3,10,V
2019,May,24,1,2,B,4,10,V
2019,May,24,1,2,B,5,14,V
2019,May,24,1,2,B,6,16,V
2019,May,24,1,2,B,7,14,V
2019,May,24,1,2,B,8,8,V
2019,May,24,1,2,B,9,15,V
2019,May,24,1,2,B,10,13,V
2019,May,24,1,2,C,1,25,V
2019,May,24,1,2,C,2,32,F
2019,May,24,1,2,C,3,14,V
2019,May,24,1,2,C,4,24,M
2019,May,24,1,2,C,5,17,V
2019,May,24,1,2,C,6,22,V
2019,May,24,1,2,C,7,21,M
2019,May,24,1,2,C,8,26,M
2019,May,24,1,2,C,9,20,V
2019,May,24,1,2,C,10,21,V
2019,May,24,1,2,D,1,41,M
2019,May,24,1,2,D,2,19,V
2019,May,24,1,2,D,3,36,M
2019,May,24,1,2,D,4,40,M
2019,May,24,1,2,D,5,45,F
2019,May,24,1,2,D,6,46,M
2019,May,24,1,2,D,7,51,M
2019,May,24,1,2,D,8,43,V
2019,May,24,1,2,D,9,30,V
2019,May,24,1,2,D,10,33,F
2019,May,24,2,3,A,1,29,V
2019,May,24,2,3,A,2,25,V
2019,May,24,2,3,A,3,22,V
2019,May,24,2,3,A,4,27,V
2019,May,24,2,3,A,5,23,V
2019,May,24,2,3,A,6,23,V
2019,May,24,2,3,A,7,15,V
2019,May,24,2,3,A,8,16,V
2019,May,24,2,3,A,9,23,V
2019,May,24,2,3,A,10,20,V
2019,May,24,2,3,B,1,10,V
2019,May,24,2,3,B,2,13,V
2019,May,24,2,3,B,3,15,V
2019,May,24,2,3,B,4,19,V
2019,May,24,2,3,B,5,19,V
2019,May,24,2,3,B,6,13,V
2019,May,24,2,3,B,7,12,V
2019,May,24,2,3,B,8,25,V
2019,May,24,2,3,B,9,18,V
2019,May,24,2,3,B,10,22,V
2019,May,24,2,3,C,1,21,V
2019,May,24,2,3,C,2,38,M
2019,May,24,2,3,C,3,24,V
2019,May,24,2,3,C,4,35,M
2019,May,24,2,3,C,5,33,V
2019,May,24,2,3,C,6,19,V
2019,May,24,2,3,C,7,30,M
2019,May,24,2,3,C,8,14,V
2019,May,24,2,3,C,9,43,M
2019,May,24,2,3,C,10,37,M
2019,May,24,2,3,D,1,12,V
2019,May,24,2,3,D,2,13,V
2019,May,24,2,3,D,3,13,V
2019,May,24,2,3,D,4,8,V
2019,May,24,2,3,D,5,9,V
2019,May,24,2,3,D,6,11,V
2019,May,24,2,3,D,7,8,V
2019,May,24,2,3,D,8,,
2019,May,24,2,3,D,9,,
2019,May,24,2,3,D,10,,
2019,May,24,2,4,A,1,39,M
2019,May,24,2,4,A,2,22,V
2019,May,24,2,4,A,3,18,F
2019,May,24,2,4,A,4,21,F
2019,May,24,2,4,A,5,22,F
2019,May,24,2,4,A,6,26,M
2019,May,24,2,4,A,7,17,V
2019,May,24,2,4,A,8,13,V
2019,May,24,2,4,A,9,8,V
2019,May,24,2,4,A,10,10,V
2019,May,24,2,4,B,1,32,V
2019,May,24,2,4,B,2,29,V
2019,May,24,2,4,B,3,25,V
2019,May,24,2,4,B,4,17,V
2019,May,24,2,4,B,5,30,V
2019,May,24,2,4,B,6,19,V
2019,May,24,2,4,B,7,23,V
2019,May,24,2,4,B,8,25,V
2019,May,24,2,4,B,9,23,V
2019,May,24,2,4,B,10,33,V
2019,May,24,2,4,C,1,33,V
2019,May,24,2,4,C,2,36,V
2019,May,24,2,4,C,3,26,V
2019,May,24,2,4,C,4,28,V
2019,May,24,2,4,C,5,33,V
2019,May,24,2,4,C,6,39,V
2019,May,24,2,4,C,7,28,V
2019,May,24,2,4,C,8,33,V
2019,May,24,2,4,C,9,32,V
2019,May,24,2,4,C,10,38,V
2019,May,24,2,4,D,1,10,V
2019,May,24,2,4,D,2,7,V
2019,May,24,2,4,D,3,6,V
2019,May,24,2,4,D,4,7,V
2019,May,24,2,4,D,5,6,V
2019,May,24,2,4,D,6,12,V
2019,May,24,2,4,D,7,4,V
2019,May,24,2,4,D,8,4,V
2019,May,24,2,4,D,9,13,V
2019,May,24,2,4,D,10,12,V
2019,May,24,3,1,A,1,14,V
2019,May,24,3,1,A,2,19,V
2019,May,24,3,1,A,3,21,V
2019,May,24,3,1,A,4,23,V
2019,May,24,3,1,A,5,13,V
2019,May,24,3,1,A,6,23,V
2019,May,24,3,1,A,7,18,V
2019,May,24,3,1,A,8,29,V
2019,May,24,3,1,A,9,20,V
2019,May,24,3,1,A,10,24,V
2019,May,24,3,1,B,1,33,V
2019,May,24,3,1,B,2,33,V
2019,May,24,3,1,B,3,26,V
2019,May,24,3,1,B,4,21,V
2019,May,24,3,1,B,5,17,V
2019,May,24,3,1,B,6,35,V
2019,May,24,3,1,B,7,30,V
2019,May,24,3,1,B,8,31,V
2019,May,24,3,1,B,9,23,V
2019,May,24,3,1,B,10,32,V
2019,May,24,3,1,C,1,28,V
2019,May,24,3,1,C,2,22,V
2019,May,24,3,1,C,3,23,V
2019,May,24,3,1,C,4,20,V
2019,May,24,3,1,C,5,22,V
2019,May,24,3,1,C,6,28,V
2019,May,24,3,1,C,7,29,V
2019,May,24,3,1,C,8,26,V
2019,May,24,3,1,C,9,27,V
2019,May,24,3,1,C,10,28,V
2019,May,24,3,1,D,1,47,M
2019,May,24,3,1,D,2,45,M
2019,May,24,3,1,D,3,26,F
2019,May,24,3,1,D,4,32,V
2019,May,24,3,1,D,5,26,V
2019,May,24,3,1,D,6,28,V
2019,May,24,3,1,D,7,42,M
2019,May,24,3,1,D,8,32,V
2019,May,24,3,1,D,9,28,V
2019,May,24,3,1,D,10,27,F
2019,May,24,3,2,A,1,,
2019,May,24,3,2,A,2,,
2019,May,24,3,2,A,3,,
2019,May,24,3,2,A,4,,
2019,May,24,3,2,A,5,,
2019,May,24,3,2,A,6,,
2019,May,24,3,2,A,7,,
2019,May,24,3,2,A,8,,
2019,May,24,3,2,A,9,,
2019,May,24,3,2,A,10,,
2019,May,24,3,2,B,1,30,V
2019,May,24,3,2,B,2,30,V
2019,May,24,3,2,B,3,32,V
2019,May,24,3,2,B,4,32,V
2019,May,24,3,2,B,5,22,V
2019,May,24,3,2,B,6,29,V
2019,May,24,3,2,B,7,27,V
2019,May,24,3,2,B,8,27,V
2019,May,24,3,2,B,9,31,V
2019,May,24,3,2,B,10,36,V
2019,May,24,3,2,C,1,,
2019,May,24,3,2,C,2,,
2019,May,24,3,2,C,3,,
2019,May,24,3,2,C,4,,
2019,May,24,3,2,C,5,,
2019,May,24,3,2,C,6,,
2019,May,24,3,2,C,7,,
2019,May,24,3,2,C,8,,
2019,May,24,3,2,C,9,,
2019,May,24,3,2,C,10,,
2019,May,24,3,2,D,1,32,F
2019,May,24,3,2,D,2,38,M
2019,May,24,3,2,D,3,20,F
2019,May,24,3,2,D,4,34,F
2019,May,24,3,2,D,5,23,C0
2019,May,24,3,2,D,6,23,F
2019,May,24,3,2,D,7,31,M
2019,May,24,3,2,D,8,30,F
2019,May,24,3,2,D,9,28,V
2019,May,24,3,2,D,10,19,F
2019,May,24,4,3,A,1,9,V
2019,May,24,4,3,A,2,10,V
2019,May,24,4,3,A,3,10,V
2019,May,24,4,3,A,4,6,V
2019,May,24,4,3,A,5,,
2019,May,24,4,3,A,6,,
2019,May,24,4,3,A,7,,
2019,May,24,4,3,A,8,,
2019,May,24,4,3,A,9,,
2019,May,24,4,3,A,10,,
2019,May,24,4,3,B,1,35,C0
2019,May,24,4,3,B,2,37,C0
2019,May,24,4,3,B,3,22,F
2019,May,24,4,3,B,4,22,F
2019,May,24,4,3,B,5,43,F
2019,May,24,4,3,B,6,29,F
2019,May,24,4,3,B,7,32,F
2019,May,24,4,3,B,8,41,F
2019,May,24,4,3,B,9,28,F
2019,May,24,4,3,B,10,41,C0
2019,May,24,4,3,C,1,28,V
2019,May,24,4,3,C,2,26,V
2019,May,24,4,3,C,3,28,V
2019,May,24,4,3,C,4,26,V
2019,May,24,4,3,C,5,25,V
2019,May,24,4,3,C,6,28,V
2019,May,24,4,3,C,7,15,V
2019,May,24,4,3,C,8,24,V
2019,May,24,4,3,C,9,20,V
2019,May,24,4,3,C,10,25,V
2019,May,24,4,3,D,1,27,V
2019,May,24,4,3,D,2,27,V
2019,May,24,4,3,D,3,27,V
2019,May,24,4,3,D,4,24,V
2019,May,24,4,3,D,5,26,V
2019,May,24,4,3,D,6,16,V
2019,May,24,4,3,D,7,31,V
2019,May,24,4,3,D,8,25,V
2019,May,24,4,3,D,9,28,V
2019,May,24,4,3,D,10,21,V
2019,May,24,4,4,A,1,17,F
2019,May,24,4,4,A,2,23,F
2019,May,24,4,4,A,3,29,F
2019,May,24,4,4,A,4,25,C0
2019,May,24,4,4,A,5,18,F
2019,May,24,4,4,A,6,51,C0
2019,May,24,4,4,A,7,25,C0
2019,May,24,4,4,A,8,26,C0
2019,May,24,4,4,A,9,29,V
2019,May,24,4,4,A,10,26,C0
2019,May,24,4,4,B,1,20,V
2019,May,24,4,4,B,2,9,V
2019,May,24,4,4,B,3,12,F
2019,May,24,4,4,B,4,10,V
2019,May,24,4,4,B,5,19,V
2019,May,24,4,4,B,6,16,V
2019,May,24,4,4,B,7,21,V
2019,May,24,4,4,B,8,21,F
2019,May,24,4,4,B,9,9,F
2019,May,24,4,4,B,10,18,F
2019,May,24,4,4,C,1,7,V
2019,May,24,4,4,C,2,8,V
2019,May,24,4,4,C,3,6,V
2019,May,24,4,4,C,4,8,V
2019,May,24,4,4,C,5,6,V
2019,May,24,4,4,C,6,8,V
2019,May,24,4,4,C,7,9,V
2019,May,24,4,4,C,8,8,V
2019,May,24,4,4,C,9,6,V
2019,May,24,4,4,C,10,9,V
2019,May,24,4,4,D,1,20,V
2019,May,24,4,4,D,2,20,V
2019,May,24,4,4,D,3,29,V
2019,May,24,4,4,D,4,26,V
2019,May,24,4,4,D,5,22,V
2019,May,24,4,4,D,6,33,V
2019,May,24,4,4,D,7,27,V
2019,May,24,4,4,D,8,18,V
2019,May,24,4,4,D,9,24,V
2019,May,24,4,4,D,10,24,V
2019,May,29,1,1,A,1,37,V
2019,May,29,1,1,A,2,34,V
2019,May,29,1,1,A,3,33,V
2019,May,29,1,1,A,4,35,V
2019,May,29,1,1,A,5,32,V
2019,May,29,1,1,A,6,31,V
2019,May,29,1,1,A,7,31,V
2019,May,29,1,1,A,8,37,V
2019,May,29,1,1,A,9,37.5,V
2019,May,29,1,1,A,10,34,V
2019,May,29,1,1,B,1,37,V
2019,May,29,1,1,B,2,36,V
2019,May,29,1,1,B,3,29,V
2019,May,29,1,1,B,4,34,V
2019,May,29,1,1,B,5,34,V
2019,May,29,1,1,B,6,32,V
2019,May,29,1,1,B,7,36,V
2019,May,29,1,1,B,8,29,V
2019,May,29,1,1,B,9,41,V
2019,May,29,1,1,B,10,36.5,V
2019,May,29,1,1,C,1,28,V
2019,May,29,1,1,C,2,23,V
2019,May,29,1,1,C,3,26.5,V
2019,May,29,1,1,C,4,29,V
2019,May,29,1,1,C,5,35,V
2019,May,29,1,1,C,6,37,V
2019,May,29,1,1,C,7,34.5,V
2019,May,29,1,1,C,8,37,V
2019,May,29,1,1,C,9,26,V
2019,May,29,1,1,C,10,42,V
2019,May,29,1,1,D,1,18,V
2019,May,29,1,1,D,2,20,V
2019,May,29,1,1,D,3,16,V
2019,May,29,1,1,D,4,20,V
2019,May,29,1,1,D,5,24,V
2019,May,29,1,1,D,6,24.5,V
2019,May,29,1,1,D,7,165.5,V
2019,May,29,1,1,D,8,9,V
2019,May,29,1,1,D,9,14.5,V
2019,May,29,1,1,D,10,11,V
2019,May,29,1,2,A,1,9,V
2019,May,29,1,2,A,2,8,V
2019,May,29,1,2,A,3,8.5,V
2019,May,29,1,2,A,4,9,V
2019,May,29,1,2,A,5,11,V
2019,May,29,1,2,A,6,13,V
2019,May,29,1,2,A,7,13,V
2019,May,29,1,2,A,8,11.5,V
2019,May,29,1,2,A,9,,
2019,May,29,1,2,A,10,,
2019,May,29,1,2,B,1,21,V
2019,May,29,1,2,B,2,31,V
2019,May,29,1,2,B,3,24.5,V
2019,May,29,1,2,B,4,30.5,V
2019,May,29,1,2,B,5,42,M
2019,May,29,1,2,B,6,36,V
2019,May,29,1,2,B,7,38.5,V
2019,May,29,1,2,B,8,43,M
2019,May,29,1,2,B,9,31.5,V
2019,May,29,1,2,B,10,41,M
2019,May,29,1,2,C,1,64,M
2019,May,29,1,2,C,2,34,F
2019,May,29,1,2,C,3,39.5,F
2019,May,29,1,2,C,4,48,V
2019,May,29,1,2,C,5,59,M
2019,May,29,1,2,C,6,59,V
2019,May,29,1,2,C,7,49,M
2019,May,29,1,2,C,8,46,F
2019,May,29,1,2,C,9,31,F
2019,May,29,1,2,C,10,43,F
2019,May,29,1,2,D,1,55,V
2019,May,29,1,2,D,2,67.5,M
2019,May,29,1,2,D,3,52,V
2019,May,29,1,2,D,4,69,M
2019,May,29,1,2,D,5,65,M
2019,May,29,1,2,D,6,64.5,M
2019,May,29,1,2,D,7,81,M
2019,May,29,1,2,D,8,86.5,M
2019,May,29,1,2,D,9,52,V
2019,May,29,1,2,D,10,75.5,M
2019,May,29,2,3,A,1,31,V
2019,May,29,2,3,A,2,37,V
2019,May,29,2,3,A,3,39,V
2019,May,29,2,3,A,4,40.5,V
2019,May,29,2,3,A,5,40.5,V
2019,May,29,2,3,A,6,33,V
2019,May,29,2,3,A,7,39,V
2019,May,29,2,3,A,8,38,V
2019,May,29,2,3,A,9,23,V
2019,May,29,2,3,A,10,37,V
2019,May,29,2,3,B,1,20.5,V
2019,May,29,2,3,B,2,22,V
2019,May,29,2,3,B,3,26.5,V
2019,May,29,2,3,B,4,42.5,M
2019,May,29,2,3,B,5,42,V
2019,May,29,2,3,B,6,30.5,V
2019,May,29,2,3,B,7,26,V
2019,May,29,2,3,B,8,60,M
2019,May,29,2,3,B,9,42,V
2019,May,29,2,3,B,10,62,M
2019,May,29,2,3,C,1,51,V
2019,May,29,2,3,C,2,50,M
2019,May,29,2,3,C,3,81,M
2019,May,29,2,3,C,4,63,V
2019,May,29,2,3,C,5,43,V
2019,May,29,2,3,C,6,46,M
2019,May,29,2,3,C,7,41.5,V
2019,May,29,2,3,C,8,49,V
2019,May,29,2,3,C,9,49,M
2019,May,29,2,3,C,10,71,M
2019,May,29,2,3,D,1,14.5,V
2019,May,29,2,3,D,2,20,V
2019,May,29,2,3,D,3,10.5,V
2019,May,29,2,3,D,4,15.5,V
2019,May,29,2,3,D,5,13,V
2019,May,29,2,3,D,6,21,V
2019,May,29,2,3,D,7,12,V
2019,May,29,2,3,D,8,,
2019,May,29,2,3,D,9,,
2019,May,29,2,3,D,10,,
2019,May,29,2,4,A,1,67,M
2019,May,29,2,4,A,2,44.5,F
2019,May,29,2,4,A,3,37,F
2019,May,29,2,4,A,4,21,M
2019,May,29,2,4,A,5,27,V
2019,May,29,2,4,A,6,51,M
2019,May,29,2,4,A,7,40,F
2019,May,29,2,4,A,8,29,F
2019,May,29,2,4,A,9,54,M
2019,May,29,2,4,A,10,45,F
2019,May,29,2,4,B,1,48,V
2019,May,29,2,4,B,2,45.5,V
2019,May,29,2,4,B,3,47,V
2019,May,29,2,4,B,4,43,V
2019,May,29,2,4,B,5,40,V
2019,May,29,2,4,B,6,41,V
2019,May,29,2,4,B,7,46,V
2019,May,29,2,4,B,8,47,V
2019,May,29,2,4,B,9,49,V
2019,May,29,2,4,B,10,41,V
2019,May,29,2,4,C,1,63,V
2019,May,29,2,4,C,2,56,V
2019,May,29,2,4,C,3,53,V
2019,May,29,2,4,C,4,51,V
2019,May,29,2,4,C,5,56.5,V
2019,May,29,2,4,C,6,48,V
2019,May,29,2,4,C,7,55,V
2019,May,29,2,4,C,8,63,V
2019,May,29,2,4,C,9,56,V
2019,May,29,2,4,C,10,59,V
2019,May,29,2,4,D,1,18,V
2019,May,29,2,4,D,2,13,V
2019,May,29,2,4,D,3,11,V
2019,May,29,2,4,D,4,10,V
2019,May,29,2,4,D,5,10,V
2019,May,29,2,4,D,6,20,V
2019,May,29,2,4,D,7,6,V
2019,May,29,2,4,D,8,7,V
2019,May,29,2,4,D,9,26,V
2019,May,29,2,4,D,10,21,V
2019,May,29,3,1,A,1,37,V
2019,May,29,3,1,A,2,41,M
2019,May,29,3,1,A,3,75,M
2019,May,29,3,1,A,4,51,M
2019,May,29,3,1,A,5,45,V
2019,May,29,3,1,A,6,55,M
2019,May,29,3,1,A,7,42.5,V
2019,May,29,3,1,A,8,20,V
2019,May,29,3,1,A,9,33,V
2019,May,29,3,1,A,10,35,V
2019,May,29,3,1,B,1,54,V
2019,May,29,3,1,B,2,45,V
2019,May,29,3,1,B,3,52,V
2019,May,29,3,1,B,4,35,V
2019,May,29,3,1,B,5,45,V
2019,May,29,3,1,B,6,51,V
2019,May,29,3,1,B,7,46.5,V
2019,May,29,3,1,B,8,49,V
2019,May,29,3,1,B,9,53,V
2019,May,29,3,1,B,10,46.5,V
2019,May,29,3,1,C,1,39,V
2019,May,29,3,1,C,2,36.5,V
2019,May,29,3,1,C,3,34,V
2019,May,29,3,1,C,4,35,V
2019,May,29,3,1,C,5,43,V
2019,May,29,3,1,C,6,45,V
2019,May,29,3,1,C,7,43.5,V
2019,May,29,3,1,C,8,40,V
2019,May,29,3,1,C,9,39,V
2019,May,29,3,1,C,10,41,V
2019,May,29,3,1,D,1,75,M
2019,May,29,3,1,D,2,47,V
2019,May,29,3,1,D,3,485,M
2019,May,29,3,1,D,4,57.5,M
2019,May,29,3,1,D,5,73.5,M
2019,May,29,3,1,D,6,62.5,M
2019,May,29,3,1,D,7,37,F
2019,May,29,3,1,D,8,66,M
2019,May,29,3,1,D,9,69.5,M
2019,May,29,3,1,D,10,40,F
2019,May,29,3,2,A,1,,
2019,May,29,3,2,A,2,,
2019,May,29,3,2,A,3,,
2019,May,29,3,2,A,4,,
2019,May,29,3,2,A,5,,
2019,May,29,3,2,A,6,,
2019,May,29,3,2,A,7,,
2019,May,29,3,2,A,8,,
2019,May,29,3,2,A,9,,
2019,May,29,3,2,A,10,,
2019,May,29,3,2,B,1,50.5,V
2019,May,29,3,2,B,2,52,V
2019,May,29,3,2,B,3,58,V
2019,May,29,3,2,B,4,42,V
2019,May,29,3,2,B,5,58,V
2019,May,29,3,2,B,6,41,V
2019,May,29,3,2,B,7,53,V
2019,May,29,3,2,B,8,57,V
2019,May,29,3,2,B,9,41,V
2019,May,29,3,2,B,10,33,V
2019,May,29,3,2,C,1,,
2019,May,29,3,2,C,2,,
2019,May,29,3,2,C,3,,
2019,May,29,3,2,C,4,,
2019,May,29,3,2,C,5,,
2019,May,29,3,2,C,6,,
2019,May,29,3,2,C,7,,
2019,May,29,3,2,C,8,,
2019,May,29,3,2,C,9,,
2019,May,29,3,2,C,10,,
2019,May,29,3,2,D,1,54,F
2019,May,29,3,2,D,2,52,M
2019,May,29,3,2,D,3,59,M
2019,May,29,3,2,D,4,29,V
2019,May,29,3,2,D,5,39,F
2019,May,29,3,2,D,6,40,F
2019,May,29,3,2,D,7,42,M
2019,May,29,3,2,D,8,62,M
2019,May,29,3,2,D,9,42,F
2019,May,29,3,2,D,10,30,F
2019,May,29,4,3,A,1,10,V
2019,May,29,4,3,A,2,19,V
2019,May,29,4,3,A,3,16.5,V
2019,May,29,4,3,A,4,13.5,V
2019,May,29,4,3,A,5,15,V
2019,May,29,4,3,A,6,,
2019,May,29,4,3,A,7,,
2019,May,29,4,3,A,8,,
2019,May,29,4,3,A,9,,
2019,May,29,4,3,A,10,,
2019,May,29,4,3,B,1,57.5,C0
2019,May,29,4,3,B,2,55,M
2019,May,29,4,3,B,3,38.5,F
2019,May,29,4,3,B,4,37,F
2019,May,29,4,3,B,5,35.5,M
2019,May,29,4,3,B,6,70,M
2019,May,29,4,3,B,7,51,F
2019,May,29,4,3,B,8,59,F
2019,May,29,4,3,B,9,49,M
2019,May,29,4,3,B,10,53,M
2019,May,29,4,3,C,1,37,V
2019,May,29,4,3,C,2,44,V
2019,May,29,4,3,C,3,48,V
2019,May,29,4,3,C,4,39,V
2019,May,29,4,3,C,5,51,V
2019,May,29,4,3,C,6,41,V
2019,May,29,4,3,C,7,29,V
2019,May,29,4,3,C,8,44,V
2019,May,29,4,3,C,9,41,V
2019,May,29,4,3,C,10,32,V
2019,May,29,4,3,D,1,43,V
2019,May,29,4,3,D,2,54,V
2019,May,29,4,3,D,3,36,V
2019,May,29,4,3,D,4,38,V
2019,May,29,4,3,D,5,41,V
2019,May,29,4,3,D,6,52,V
2019,May,29,4,3,D,7,43,V
2019,May,29,4,3,D,8,50,V
2019,May,29,4,3,D,9,49,V
2019,May,29,4,3,D,10,35,V
2019,May,29,4,4,A,1,44,V
2019,May,29,4,4,A,2,77,M
2019,May,29,4,4,A,3,56,F
2019,May,29,4,4,A,4,54,V
2019,May,29,4,4,A,5,63,M
2019,May,29,4,4,A,6,51,V
2019,May,29,4,4,A,7,82,M
2019,May,29,4,4,A,8,60,F
2019,May,29,4,4,A,9,65.5,M
2019,May,29,4,4,A,10,83,M
2019,May,29,4,4,B,1,41,V
2019,May,29,4,4,B,2,55,M
2019,May,29,4,4,B,3,40,V
2019,May,29,4,4,B,4,46,V
2019,May,29,4,4,B,5,37,V
2019,May,29,4,4,B,6,52,M
2019,May,29,4,4,B,7,73,M
2019,May,29,4,4,B,8,61,M
2019,May,29,4,4,B,9,41,V
2019,May,29,4,4,B,10,28,V
2019,May,29,4,4,C,1,18,V
2019,May,29,4,4,C,2,17,V
2019,May,29,4,4,C,3,15,V
2019,May,29,4,4,C,4,12.5,V
2019,May,29,4,4,C,5,13.5,V
2019,May,29,4,4,C,6,14,V
2019,May,29,4,4,C,7,15,V
2019,May,29,4,4,C,8,17,V
2019,May,29,4,4,C,9,11,V
2019,May,29,4,4,C,10,10,V
2019,May,29,4,4,D,1,48,V
2019,May,29,4,4,D,2,42,V
2019,May,29,4,4,D,3,41,V
2019,May,29,4,4,D,4,41,V
2019,May,29,4,4,D,5,59,V
2019,May,29,4,4,D,6,54,V
2019,May,29,4,4,D,7,54,V
2019,May,29,4,4,D,8,47,V
2019,May,29,4,4,D,9,48,V
2019,May,29,4,4,D,10,57,V
2019,May,31,1,1,A,1,44,V
2019,May,31,1,1,A,2,45,V
2019,May,31,1,1,A,3,38,V
2019,May,31,1,1,A,4,36,V
2019,May,31,1,1,A,5,40,V
2019,May,31,1,1,A,6,29,V
2019,May,31,1,1,A,7,36,V
2019,May,31,1,1,A,8,28,V
2019,May,31,1,1,A,9,38.5,V
2019,May,31,1,1,A,10,37,V
2019,May,31,1,1,B,1,31.5,V
2019,May,31,1,1,B,2,45,V
2019,May,31,1,1,B,3,42,V
2019,May,31,1,1,B,4,39,V
2019,May,31,1,1,B,5,43,V
2019,May,31,1,1,B,6,38,V
2019,May,31,1,1,B,7,45,V
2019,May,31,1,1,B,8,35,V
2019,May,31,1,1,B,9,45,V
2019,May,31,1,1,B,10,43,V
2019,May,31,1,1,C,1,43,V
2019,May,31,1,1,C,2,32,V
2019,May,31,1,1,C,3,42,V
2019,May,31,1,1,C,4,34,V
2019,May,31,1,1,C,5,40,V
2019,May,31,1,1,C,6,49,V
2019,May,31,1,1,C,7,29,V
2019,May,31,1,1,C,8,26.5,V
2019,May,31,1,1,C,9,46,V
2019,May,31,1,1,C,10,44.5,V
2019,May,31,1,1,D,1,9,V
2019,May,31,1,1,D,2,9,V
2019,May,31,1,1,D,3,13,V
2019,May,31,1,1,D,4,21,V
2019,May,31,1,1,D,5,13,V
2019,May,31,1,1,D,6,30,V
2019,May,31,1,1,D,7,29,V
2019,May,31,1,1,D,8,25,V
2019,May,31,1,1,D,9,20,V
2019,May,31,1,1,D,10,25,V
2019,May,31,1,2,A,1,12,V
2019,May,31,1,2,A,2,9.5,V
2019,May,31,1,2,A,3,11,V
2019,May,31,1,2,A,4,10,V
2019,May,31,1,2,A,5,14,V
2019,May,31,1,2,A,6,14,V
2019,May,31,1,2,A,7,13.5,V
2019,May,31,1,2,A,8,15.5,V
2019,May,31,1,2,A,9,,
2019,May,31,1,2,A,10,,
2019,May,31,1,2,B,1,57,F
2019,May,31,1,2,B,2,62.5,M
2019,May,31,1,2,B,3,47,F
2019,May,31,1,2,B,4,49,F
2019,May,31,1,2,B,5,50,M
2019,May,31,1,2,B,6,55,M
2019,May,31,1,2,B,7,62.5,M
2019,May,31,1,2,B,8,32,F
2019,May,31,1,2,B,9,47,F
2019,May,31,1,2,B,10,55,M
2019,May,31,1,2,C,1,42,F
2019,May,31,1,2,C,2,41.5,F
2019,May,31,1,2,C,3,59,M
2019,May,31,1,2,C,4,45,F
2019,May,31,1,2,C,5,49,F
2019,May,31,1,2,C,6,68,F
2019,May,31,1,2,C,7,62,F
2019,May,31,1,2,C,8,53,F
2019,May,31,1,2,C,9,53.5,M
2019,May,31,1,2,C,10,58,F
2019,May,31,1,2,D,1,58,F
2019,May,31,1,2,D,2,76,M
2019,May,31,1,2,D,3,55,F
2019,May,31,1,2,D,4,72,F
2019,May,31,1,2,D,5,91,M
2019,May,31,1,2,D,6,53,F
2019,May,31,1,2,D,7,98,M
2019,May,31,1,2,D,8,67,F
2019,May,31,1,2,D,9,93,M
2019,May,31,1,2,D,10,66,F
2019,May,31,2,3,A,1,37,V
2019,May,31,2,3,A,2,40,V
2019,May,31,2,3,A,3,47,V
2019,May,31,2,3,A,4,46,V
2019,May,31,2,3,A,5,46.5,V
2019,May,31,2,3,A,6,42,V
2019,May,31,2,3,A,7,29,V
2019,May,31,2,3,A,8,39.5,V
2019,May,31,2,3,A,9,45.5,V
2019,May,31,2,3,A,10,38.5,V
2019,May,31,2,3,B,1,63,M
2019,May,31,2,3,B,2,37,V
2019,May,31,2,3,B,3,48,V
2019,May,31,2,3,B,4,44,M
2019,May,31,2,3,B,5,76,M
2019,May,31,2,3,B,6,39,V
2019,May,31,2,3,B,7,46,F
2019,May,31,2,3,B,8,48,F
2019,May,31,2,3,B,9,42,F
2019,May,31,2,3,B,10,52,M
2019,May,31,2,3,C,1,63,V
2019,May,31,2,3,C,2,90,M
2019,May,31,2,3,C,3,83,M
2019,May,31,2,3,C,4,77,M
2019,May,31,2,3,C,5,63,F
2019,May,31,2,3,C,6,57,F
2019,May,31,2,3,C,7,60,F
2019,May,31,2,3,C,8,83,M
2019,May,31,2,3,C,9,107.5,M
2019,May,31,2,3,C,10,49,V
2019,May,31,2,3,D,1,20,V
2019,May,31,2,3,D,2,21,V
2019,May,31,2,3,D,3,14,V
2019,May,31,2,3,D,4,20,V
2019,May,31,2,3,D,5,17,V
2019,May,31,2,3,D,6,30,V
2019,May,31,2,3,D,7,17,V
2019,May,31,2,3,D,8,,
2019,May,31,2,3,D,9,,
2019,May,31,2,3,D,10,,
2019,May,31,2,4,A,1,56,F
2019,May,31,2,4,A,2,31,F
2019,May,31,2,4,A,3,40,F
2019,May,31,2,4,A,4,55,M
2019,May,31,2,4,A,5,48,F
2019,May,31,2,4,A,6,75,M
2019,May,31,2,4,A,7,47,F
2019,May,31,2,4,A,8,27,F
2019,May,31,2,4,A,9,36,F
2019,May,31,2,4,A,10,59,M
2019,May,31,2,4,B,1,64,V
2019,May,31,2,4,B,2,57,V
2019,May,31,2,4,B,3,61,V
2019,May,31,2,4,B,4,65,V
2019,May,31,2,4,B,5,55,V
2019,May,31,2,4,B,6,54,V
2019,May,31,2,4,B,7,55,V
2019,May,31,2,4,B,8,50,V
2019,May,31,2,4,B,9,49,V
2019,May,31,2,4,B,10,54,V
2019,May,31,2,4,C,1,49,V
2019,May,31,2,4,C,2,76,V
2019,May,31,2,4,C,3,72,V
2019,May,31,2,4,C,4,64.5,V
2019,May,31,2,4,C,5,70,V
2019,May,31,2,4,C,6,62,V
2019,May,31,2,4,C,7,74,V
2019,May,31,2,4,C,8,68,V
2019,May,31,2,4,C,9,62,V
2019,May,31,2,4,C,10,67,V
2019,May,31,2,4,D,1,17,V
2019,May,31,2,4,D,2,26,V
2019,May,31,2,4,D,3,16,V
2019,May,31,2,4,D,4,22,V
2019,May,31,2,4,D,5,22,V
2019,May,31,2,4,D,6,29,V
2019,May,31,2,4,D,7,26,V
2019,May,31,2,4,D,8,10,V
2019,May,31,2,4,D,9,10,V
2019,May,31,2,4,D,10,16,V
2019,May,31,3,1,A,1,49,F
2019,May,31,3,1,A,2,57,M
2019,May,31,3,1,A,3,89,M
2019,May,31,3,1,A,4,46,M
2019,May,31,3,1,A,5,54,F
2019,May,31,3,1,A,6,47,V
2019,May,31,3,1,A,7,55,V
2019,May,31,3,1,A,8,70,M
2019,May,31,3,1,A,9,41,F
2019,May,31,3,1,A,10,42.5,F
2019,May,31,3,1,B,1,58,V
2019,May,31,3,1,B,2,61,V
2019,May,31,3,1,B,3,63,V
2019,May,31,3,1,B,4,54,V
2019,May,31,3,1,B,5,44,V
2019,May,31,3,1,B,6,79,V
2019,May,31,3,1,B,7,70,V
2019,May,31,3,1,B,8,75,V
2019,May,31,3,1,B,9,63,V
2019,May,31,3,1,B,10,61,V
2019,May,31,3,1,C,1,41,V
2019,May,31,3,1,C,2,44,V
2019,May,31,3,1,C,3,42,V
2019,May,31,3,1,C,4,47,V
2019,May,31,3,1,C,5,50,V
2019,May,31,3,1,C,6,51,V
2019,May,31,3,1,C,7,58,V
2019,May,31,3,1,C,8,49,V
2019,May,31,3,1,C,9,52,V
2019,May,31,3,1,C,10,57,V
2019,May,31,3,1,D,1,69,F
2019,May,31,3,1,D,2,78,M
2019,May,31,3,1,D,3,56,F
2019,May,31,3,1,D,4,78,M
2019,May,31,3,1,D,5,33,F
2019,May,31,3,1,D,6,77.5,M
2019,May,31,3,1,D,7,84,M
2019,May,31,3,1,D,8,53,F
2019,May,31,3,1,D,9,98,M
2019,May,31,3,1,D,10,54,F
2019,May,31,3,2,A,1,,
2019,May,31,3,2,A,2,,
2019,May,31,3,2,A,3,,
2019,May,31,3,2,A,4,,
2019,May,31,3,2,A,5,,
2019,May,31,3,2,A,6,,
2019,May,31,3,2,A,7,,
2019,May,31,3,2,A,8,,
2019,May,31,3,2,A,9,,
2019,May,31,3,2,A,10,,
2019,May,31,3,2,B,1,61,V
2019,May,31,3,2,B,2,68.5,V
2019,May,31,3,2,B,3,64,V
2019,May,31,3,2,B,4,69,V
2019,May,31,3,2,B,5,59,V
2019,May,31,3,2,B,6,71,V
2019,May,31,3,2,B,7,60,V
2019,May,31,3,2,B,8,65,V
2019,May,31,3,2,B,9,61,V
2019,May,31,3,2,B,10,61,V
2019,May,31,3,2,C,1,,
2019,May,31,3,2,C,2,,
2019,May,31,3,2,C,3,,
2019,May,31,3,2,C,4,,
2019,May,31,3,2,C,5,,
2019,May,31,3,2,C,6,,
2019,May,31,3,2,C,7,,
2019,May,31,3,2,C,8,,
2019,May,31,3,2,C,9,,
2019,May,31,3,2,C,10,,
2019,May,31,3,2,D,1,36,F
2019,May,31,3,2,D,2,62,M
2019,May,31,3,2,D,3,50,F
2019,May,31,3,2,D,4,55,F
2019,May,31,3,2,D,5,40,F
2019,May,31,3,2,D,6,72,M
2019,May,31,3,2,D,7,49,F
2019,May,31,3,2,D,8,65.5,F
2019,May,31,3,2,D,9,60,F
2019,May,31,3,2,D,10,65,F
2019,May,31,4,3,A,1,17.5,V
2019,May,31,4,3,A,2,15,V
2019,May,31,4,3,A,3,20,V
2019,May,31,4,3,A,4,20,V
2019,May,31,4,3,A,5,11,V
2019,May,31,4,3,A,6,,
2019,May,31,4,3,A,7,,
2019,May,31,4,3,A,8,,
2019,May,31,4,3,A,9,,
2019,May,31,4,3,A,10,,
2019,May,31,4,3,B,1,68.5,F
2019,May,31,4,3,B,2,40,F
2019,May,31,4,3,B,3,66,F
2019,May,31,4,3,B,4,49,M
2019,May,31,4,3,B,5,44,F
2019,May,31,4,3,B,6,48.5,F
2019,May,31,4,3,B,7,47,F
2019,May,31,4,3,B,8,57,F
2019,May,31,4,3,B,9,55,F
2019,May,31,4,3,B,10,54,M
2019,May,31,4,3,C,1,44,V
2019,May,31,4,3,C,2,53,V
2019,May,31,4,3,C,3,57,V
2019,May,31,4,3,C,4,61,V
2019,May,31,4,3,C,5,49,V
2019,May,31,4,3,C,6,34,V
2019,May,31,4,3,C,7,52.5,V
2019,May,31,4,3,C,8,33,V
2019,May,31,4,3,C,9,66,V
2019,May,31,4,3,C,10,42,V
2019,May,31,4,3,D,1,60,V
2019,May,31,4,3,D,2,64,V
2019,May,31,4,3,D,3,64,V
2019,May,31,4,3,D,4,56,V
2019,May,31,4,3,D,5,54,V
2019,May,31,4,3,D,6,57,V
2019,May,31,4,3,D,7,46,V
2019,May,31,4,3,D,8,51,V
2019,May,31,4,3,D,9,39,V
2019,May,31,4,3,D,10,65,V
2019,May,31,4,4,A,1,54,F
2019,May,31,4,4,A,2,60,V
2019,May,31,4,4,A,3,79,M
2019,May,31,4,4,A,4,65,F
2019,May,31,4,4,A,5,92,M
2019,May,31,4,4,A,6,62,F
2019,May,31,4,4,A,7,78,M
2019,May,31,4,4,A,8,71,M
2019,May,31,4,4,A,9,57,F
2019,May,31,4,4,A,10,62,F
2019,May,31,4,4,B,1,74,F
2019,May,31,4,4,B,2,58,F
2019,May,31,4,4,B,3,92,M
2019,May,31,4,4,B,4,60,M
2019,May,31,4,4,B,5,72,V
2019,May,31,4,4,B,6,68,F
2019,May,31,4,4,B,7,99,M
2019,May,31,4,4,B,8,62,F
2019,May,31,4,4,B,9,66,M
2019,May,31,4,4,B,10,61,V
2019,May,31,4,4,C,1,22.5,V
2019,May,31,4,4,C,2,18,V
2019,May,31,4,4,C,3,21,V
2019,May,31,4,4,C,4,8,V
2019,May,31,4,4,C,5,8.5,V
2019,May,31,4,4,C,6,17,V
2019,May,31,4,4,C,7,16.5,V
2019,May,31,4,4,C,8,17,V
2019,May,31,4,4,C,9,19,V
2019,May,31,4,4,C,10,22.5,V
2019,May,31,4,4,D,1,64,V
2019,May,31,4,4,D,2,59,V
2019,May,31,4,4,D,3,59,V
2019,May,31,4,4,D,4,53,V
2019,May,31,4,4,D,5,50,V
2019,May,31,4,4,D,6,49,V
2019,May,31,4,4,D,7,58,V
2019,May,31,4,4,D,8,60,V
2019,May,31,4,4,D,9,54,V
2019,May,31,4,4,D,10,58,V
2019,Jun,7,1,1,A,1,80,V
2019,Jun,7,1,1,A,2,62,V
2019,Jun,7,1,1,A,3,70,V
2019,Jun,7,1,1,A,4,77,V
2019,Jun,7,1,1,A,5,68,V
2019,Jun,7,1,1,A,6,70,V
2019,Jun,7,1,1,A,7,67,V
2019,Jun,7,1,1,A,8,64,V
2019,Jun,7,1,1,A,9,69,V
2019,Jun,7,1,1,A,10,69,V
2019,Jun,7,1,1,B,1,62,V
2019,Jun,7,1,1,B,2,64,V
2019,Jun,7,1,1,B,3,65,V
2019,Jun,7,1,1,B,4,70,V
2019,Jun,7,1,1,B,5,73,V
2019,Jun,7,1,1,B,6,72,V
2019,Jun,7,1,1,B,7,61,V
2019,Jun,7,1,1,B,8,67,V
2019,Jun,7,1,1,B,9,65,V
2019,Jun,7,1,1,B,10,67,V
2019,Jun,7,1,1,C,1,72,V
2019,Jun,7,1,1,C,2,79,V
2019,Jun,7,1,1,C,3,58,V
2019,Jun,7,1,1,C,4,65,V
2019,Jun,7,1,1,C,5,74,V
2019,Jun,7,1,1,C,6,81,V
2019,Jun,7,1,1,C,7,84,V
2019,Jun,7,1,1,C,8,62,V
2019,Jun,7,1,1,C,9,82,V
2019,Jun,7,1,1,C,10,60,V
2019,Jun,7,1,1,D,1,16,V
2019,Jun,7,1,1,D,2,30,V
2019,Jun,7,1,1,D,3,18,V
2019,Jun,7,1,1,D,4,36,V
2019,Jun,7,1,1,D,5,24,V
2019,Jun,7,1,1,D,6,57,V
2019,Jun,7,1,1,D,7,50,V
2019,Jun,7,1,1,D,8,48,V
2019,Jun,7,1,1,D,9,42,V
2019,Jun,7,1,1,D,10,37,V
2019,Jun,7,1,2,A,1,28,V
2019,Jun,7,1,2,A,2,23,V
2019,Jun,7,1,2,A,3,28,V
2019,Jun,7,1,2,A,4,34,V
2019,Jun,7,1,2,A,5,25,V
2019,Jun,7,1,2,A,6,21,V
2019,Jun,7,1,2,A,7,24,V
2019,Jun,7,1,2,A,8,17,V
2019,Jun,7,1,2,A,9,,
2019,Jun,7,1,2,A,10,,
2019,Jun,7,1,2,B,1,63,F
2019,Jun,7,1,2,B,2,122,M
2019,Jun,7,1,2,B,3,84,M
2019,Jun,7,1,2,B,4,85,F
2019,Jun,7,1,2,B,5,90,M
2019,Jun,7,1,2,B,6,61,V
2019,Jun,7,1,2,B,7,112,M
2019,Jun,7,1,2,B,8,64,F
2019,Jun,7,1,2,B,9,69,V
2019,Jun,7,1,2,B,10,114,M
2019,Jun,7,1,2,C,1,72,C5
2019,Jun,7,1,2,C,2,77,C5
2019,Jun,7,1,2,C,3,68,M
2019,Jun,7,1,2,C,4,108,F
2019,Jun,7,1,2,C,5,84,M
2019,Jun,7,1,2,C,6,96,C5
2019,Jun,7,1,2,C,7,91,F
2019,Jun,7,1,2,C,8,103,C3
2019,Jun,7,1,2,C,9,100,F
2019,Jun,7,1,2,C,10,71,F
2019,Jun,7,1,2,D,1,87,F
2019,Jun,7,1,2,D,2,88,F
2019,Jun,7,1,2,D,3,83,M
2019,Jun,7,1,2,D,4,84,M
2019,Jun,7,1,2,D,5,70,F
2019,Jun,7,1,2,D,6,99,F
2019,Jun,7,1,2,D,7,96,M
2019,Jun,7,1,2,D,8,87,F
2019,Jun,7,1,2,D,9,78,F
2019,Jun,7,1,2,D,10,87,M
2019,Jun,7,2,3,A,1,73,V
2019,Jun,7,2,3,A,2,91,V
2019,Jun,7,2,3,A,3,91,V
2019,Jun,7,2,3,A,4,89,V
2019,Jun,7,2,3,A,5,99,V
2019,Jun,7,2,3,A,6,87,V
2019,Jun,7,2,3,A,7,85,V
2019,Jun,7,2,3,A,8,86,V
2019,Jun,7,2,3,A,9,87,V
2019,Jun,7,2,3,A,10,54,V
2019,Jun,7,2,3,B,1,76,M
2019,Jun,7,2,3,B,2,64,V
2019,Jun,7,2,3,B,3,57,F
2019,Jun,7,2,3,B,4,81,M
2019,Jun,7,2,3,B,5,82,F
2019,Jun,7,2,3,B,6,144,M
2019,Jun,7,2,3,B,7,106,M
2019,Jun,7,2,3,B,8,67,V
2019,Jun,7,2,3,B,9,77,F
2019,Jun,7,2,3,B,10,69,F
2019,Jun,7,2,3,C,1,88,V
2019,Jun,7,2,3,C,2,91,M
2019,Jun,7,2,3,C,3,109,V
2019,Jun,7,2,3,C,4,150,M
2019,Jun,7,2,3,C,5,101,M
2019,Jun,7,2,3,C,6,118,M
2019,Jun,7,2,3,C,7,93,V
2019,Jun,7,2,3,C,8,124,M
2019,Jun,7,2,3,C,9,104,F
2019,Jun,7,2,3,C,10,110,M
2019,Jun,7,2,3,D,1,38,V
2019,Jun,7,2,3,D,2,43,V
2019,Jun,7,2,3,D,3,22,V
2019,Jun,7,2,3,D,4,37,V
2019,Jun,7,2,3,D,5,32,V
2019,Jun,7,2,3,D,6,53,V
2019,Jun,7,2,3,D,7,39,V
2019,Jun,7,2,3,D,8,,
2019,Jun,7,2,3,D,9,,
2019,Jun,7,2,3,D,10,,
2019,Jun,7,2,4,A,1,55,F
2019,Jun,7,2,4,A,2,81,M
2019,Jun,7,2,4,A,3,85,F
2019,Jun,7,2,4,A,4,73,F
2019,Jun,7,2,4,A,5,80,F
2019,Jun,7,2,4,A,6,70,F
2019,Jun,7,2,4,A,7,93,F
2019,Jun,7,2,4,A,8,43,C3
2019,Jun,7,2,4,A,9,86,C3
2019,Jun,7,2,4,A,10,76,C3
2019,Jun,7,2,4,B,1,111,V
2019,Jun,7,2,4,B,2,98,V
2019,Jun,7,2,4,B,3,104,V
2019,Jun,7,2,4,B,4,104,V
2019,Jun,7,2,4,B,5,160,V
2019,Jun,7,2,4,B,6,87,V
2019,Jun,7,2,4,B,7,118,V
2019,Jun,7,2,4,B,8,93,V
2019,Jun,7,2,4,B,9,103,V
2019,Jun,7,2,4,B,10,99,V
2019,Jun,7,2,4,C,1,124,V
2019,Jun,7,2,4,C,2,116,V
2019,Jun,7,2,4,C,3,120,V
2019,Jun,7,2,4,C,4,111,V
2019,Jun,7,2,4,C,5,118,V
2019,Jun,7,2,4,C,6,105,V
2019,Jun,7,2,4,C,7,115,V
2019,Jun,7,2,4,C,8,103,V
2019,Jun,7,2,4,C,9,121,V
2019,Jun,7,2,4,C,10,98,V
2019,Jun,7,2,4,D,1,36,V
2019,Jun,7,2,4,D,2,24,V
2019,Jun,7,2,4,D,3,26,V
2019,Jun,7,2,4,D,4,28,V
2019,Jun,7,2,4,D,5,49,V
2019,Jun,7,2,4,D,6,13,V
2019,Jun,7,2,4,D,7,21,V
2019,Jun,7,2,4,D,8,52,V
2019,Jun,7,2,4,D,9,45,V
2019,Jun,7,2,4,D,10,42,V
2019,Jun,7,3,1,A,1,100,V
2019,Jun,7,3,1,A,2,90,M
2019,Jun,7,3,1,A,3,78,V
2019,Jun,7,3,1,A,4,122,M
2019,Jun,7,3,1,A,5,113,M
2019,Jun,7,3,1,A,6,101,M
2019,Jun,7,3,1,A,7,102,V
2019,Jun,7,3,1,A,8,71,V
2019,Jun,7,3,1,A,9,89,F
2019,Jun,7,3,1,A,10,75,F
2019,Jun,7,3,1,B,1,105,V
2019,Jun,7,3,1,B,2,89,V
2019,Jun,7,3,1,B,3,85,V
2019,Jun,7,3,1,B,4,103,V
2019,Jun,7,3,1,B,5,94,V
2019,Jun,7,3,1,B,6,90,V
2019,Jun,7,3,1,B,7,102,V
2019,Jun,7,3,1,B,8,91,V
2019,Jun,7,3,1,B,9,96,V
2019,Jun,7,3,1,B,10,104,V
2019,Jun,7,3,1,C,1,72,V
2019,Jun,7,3,1,C,2,76,V
2019,Jun,7,3,1,C,3,80,V
2019,Jun,7,3,1,C,4,84,V
2019,Jun,7,3,1,C,5,84,V
2019,Jun,7,3,1,C,6,80,V
2019,Jun,7,3,1,C,7,93,V
2019,Jun,7,3,1,C,8,87,V
2019,Jun,7,3,1,C,9,84,V
2019,Jun,7,3,1,C,10,83,V
2019,Jun,7,3,1,D,1,95,F
2019,Jun,7,3,1,D,2,103,M
2019,Jun,7,3,1,D,3,97,M
2019,Jun,7,3,1,D,4,90,M
2019,Jun,7,3,1,D,5,124,M
2019,Jun,7,3,1,D,6,80,F
2019,Jun,7,3,1,D,7,53,F
2019,Jun,7,3,1,D,8,94,M
2019,Jun,7,3,1,D,9,46,F
2019,Jun,7,3,1,D,10,78,M
2019,Jun,7,3,2,A,1,,
2019,Jun,7,3,2,A,2,,
2019,Jun,7,3,2,A,3,,
2019,Jun,7,3,2,A,4,,
2019,Jun,7,3,2,A,5,,
2019,Jun,7,3,2,A,6,,
2019,Jun,7,3,2,A,7,,
2019,Jun,7,3,2,A,8,,
2019,Jun,7,3,2,A,9,,
2019,Jun,7,3,2,A,10,,
2019,Jun,7,3,2,B,1,122,V
2019,Jun,7,3,2,B,2,113,V
2019,Jun,7,3,2,B,3,105,V
2019,Jun,7,3,2,B,4,109,V
2019,Jun,7,3,2,B,5,120,V
2019,Jun,7,3,2,B,6,102,V
2019,Jun,7,3,2,B,7,104,V
2019,Jun,7,3,2,B,8,119,V
2019,Jun,7,3,2,B,9,127,V
2019,Jun,7,3,2,B,10,123,V
2019,Jun,7,3,2,C,1,,
2019,Jun,7,3,2,C,2,,
2019,Jun,7,3,2,C,3,,
2019,Jun,7,3,2,C,4,,
2019,Jun,7,3,2,C,5,,
2019,Jun,7,3,2,C,6,,
2019,Jun,7,3,2,C,7,,
2019,Jun,7,3,2,C,8,,
2019,Jun,7,3,2,C,9,,
2019,Jun,7,3,2,C,10,,
2019,Jun,7,3,2,D,1,80,F
2019,Jun,7,3,2,D,2,43,F
2019,Jun,7,3,2,D,3,58,C3
2019,Jun,7,3,2,D,4,67,M
2019,Jun,7,3,2,D,5,86,F
2019,Jun,7,3,2,D,6,67,C4
2019,Jun,7,3,2,D,7,59,F
2019,Jun,7,3,2,D,8,106,C4
2019,Jun,7,3,2,D,9,88,C4
2019,Jun,7,3,2,D,10,101,F
2019,Jun,7,4,3,A,1,39,V
2019,Jun,7,4,3,A,2,32,V
2019,Jun,7,4,3,A,3,34,V
2019,Jun,7,4,3,A,4,43,V
2019,Jun,7,4,3,A,5,36,V
2019,Jun,7,4,3,A,6,,
2019,Jun,7,4,3,A,7,,
2019,Jun,7,4,3,A,8,,
2019,Jun,7,4,3,A,9,,
2019,Jun,7,4,3,A,10,,
2019,Jun,7,4,3,B,1,79,C3
2019,Jun,7,4,3,B,2,52,M
2019,Jun,7,4,3,B,3,53,F
2019,Jun,7,4,3,B,4,67,M
2019,Jun,7,4,3,B,5,76,F
2019,Jun,7,4,3,B,6,50,C4
2019,Jun,7,4,3,B,7,68,F
2019,Jun,7,4,3,B,8,60,F
2019,Jun,7,4,3,B,9,65,F
2019,Jun,7,4,3,B,10,27,F
2019,Jun,7,4,3,C,1,117,V
2019,Jun,7,4,3,C,2,82,V
2019,Jun,7,4,3,C,3,116,V
2019,Jun,7,4,3,C,4,114,V
2019,Jun,7,4,3,C,5,87,V
2019,Jun,7,4,3,C,6,94,V
2019,Jun,7,4,3,C,7,112,V
2019,Jun,7,4,3,C,8,115,V
2019,Jun,7,4,3,C,9,110,V
2019,Jun,7,4,3,C,10,112,V
2019,Jun,7,4,3,D,1,116,V
2019,Jun,7,4,3,D,2,125,V
2019,Jun,7,4,3,D,3,94,V
2019,Jun,7,4,3,D,4,117,V
2019,Jun,7,4,3,D,5,124,V
2019,Jun,7,4,3,D,6,96,V
2019,Jun,7,4,3,D,7,101,V
2019,Jun,7,4,3,D,8,94,V
2019,Jun,7,4,3,D,9,121,V
2019,Jun,7,4,3,D,10,125,V
2019,Jun,7,4,4,A,1,104,M
2019,Jun,7,4,4,A,2,95,M
2019,Jun,7,4,4,A,3,100,M
2019,Jun,7,4,4,A,4,112,F
2019,Jun,7,4,4,A,5,88,M
2019,Jun,7,4,4,A,6,102,M
2019,Jun,7,4,4,A,7,110,M
2019,Jun,7,4,4,A,8,103,F
2019,Jun,7,4,4,A,9,101,F
2019,Jun,7,4,4,A,10,107,M
2019,Jun,7,4,4,B,1,103,M
2019,Jun,7,4,4,B,2,125,M
2019,Jun,7,4,4,B,3,98,F
2019,Jun,7,4,4,B,4,80,V
2019,Jun,7,4,4,B,5,96,V
2019,Jun,7,4,4,B,6,112,M
2019,Jun,7,4,4,B,7,82,V
2019,Jun,7,4,4,B,8,84,F
2019,Jun,7,4,4,B,9,128,M
2019,Jun,7,4,4,B,10,129,M
2019,Jun,7,4,4,C,1,50,V
2019,Jun,7,4,4,C,2,34,V
2019,Jun,7,4,4,C,3,40,V
2019,Jun,7,4,4,C,4,40,V
2019,Jun,7,4,4,C,5,22,V
2019,Jun,7,4,4,C,6,43,V
2019,Jun,7,4,4,C,7,37,V
2019,Jun,7,4,4,C,8,23,V
2019,Jun,7,4,4,C,9,47,V
2019,Jun,7,4,4,C,10,39,V
2019,Jun,7,4,4,D,1,119,V
2019,Jun,7,4,4,D,2,102,V
2019,Jun,7,4,4,D,3,100,V
2019,Jun,7,4,4,D,4,99,V
2019,Jun,7,4,4,D,5,110,V
2019,Jun,7,4,4,D,6,117,V
2019,Jun,7,4,4,D,7,103,V
2019,Jun,7,4,4,D,8,106,V
2019,Jun,7,4,4,D,9,102,V
2019,Jun,7,4,4,D,10,103,V
2019,Jun,12,1,1,A,1,98,V
2019,Jun,12,1,1,A,2,100,V
2019,Jun,12,1,1,A,3,93,V
2019,Jun,12,1,1,A,4,92,V
2019,Jun,12,1,1,A,5,90,V
2019,Jun,12,1,1,A,6,84,V
2019,Jun,12,1,1,A,7,97,V
2019,Jun,12,1,1,A,8,92,V
2019,Jun,12,1,1,A,9,103,V
2019,Jun,12,1,1,A,10,82,V
2019,Jun,12,1,1,B,1,82,V
2019,Jun,12,1,1,B,2,90,V
2019,Jun,12,1,1,B,3,84,V
2019,Jun,12,1,1,B,4,82,V
2019,Jun,12,1,1,B,5,82,V
2019,Jun,12,1,1,B,6,85,V
2019,Jun,12,1,1,B,7,85,V
2019,Jun,12,1,1,B,8,101,V
2019,Jun,12,1,1,B,9,91,V
2019,Jun,12,1,1,B,10,92,V
2019,Jun,12,1,1,C,1,113,V
2019,Jun,12,1,1,C,2,115,V
2019,Jun,12,1,1,C,3,117,V
2019,Jun,12,1,1,C,4,107,V
2019,Jun,12,1,1,C,5,86,V
2019,Jun,12,1,1,C,6,91,V
2019,Jun,12,1,1,C,7,80,V
2019,Jun,12,1,1,C,8,106,V
2019,Jun,12,1,1,C,9,81,V
2019,Jun,12,1,1,C,10,92,V
2019,Jun,12,1,1,D,1,42,V
2019,Jun,12,1,1,D,2,24,V
2019,Jun,12,1,1,D,3,23,V
2019,Jun,12,1,1,D,4,26,V
2019,Jun,12,1,1,D,5,36,V
2019,Jun,12,1,1,D,6,48,V
2019,Jun,12,1,1,D,7,74,V
2019,Jun,12,1,1,D,8,61,V
2019,Jun,12,1,1,D,9,53,V
2019,Jun,12,1,1,D,10,65,V
2019,Jun,12,1,2,A,1,33,V
2019,Jun,12,1,2,A,2,32,V
2019,Jun,12,1,2,A,3,25,V
2019,Jun,12,1,2,A,4,30,V
2019,Jun,12,1,2,A,5,46,V
2019,Jun,12,1,2,A,6,35,V
2019,Jun,12,1,2,A,7,28,V
2019,Jun,12,1,2,A,8,34,V
2019,Jun,12,1,2,A,9,,
2019,Jun,12,1,2,A,10,,
2019,Jun,12,1,2,B,1,109,V
2019,Jun,12,1,2,B,2,96,F
2019,Jun,12,1,2,B,3,113,M
2019,Jun,12,1,2,B,4,89,F
2019,Jun,12,1,2,B,5,113,M
2019,Jun,12,1,2,B,6,99,F
2019,Jun,12,1,2,B,7,130,M
2019,Jun,12,1,2,B,8,89,V
2019,Jun,12,1,2,B,9,101,M
2019,Jun,12,1,2,B,10,141,M
2019,Jun,12,1,2,C,1,105,F
2019,Jun,12,1,2,C,2,107,C4
2019,Jun,12,1,2,C,3,84,F
2019,Jun,12,1,2,C,4,67,M
2019,Jun,12,1,2,C,5,85,F
2019,Jun,12,1,2,C,6,104,F
2019,Jun,12,1,2,C,7,104,F
2019,Jun,12,1,2,C,8,65,F
2019,Jun,12,1,2,C,9,117,F
2019,Jun,12,1,2,C,10,74,M
2019,Jun,12,1,2,D,1,112,F
2019,Jun,12,1,2,D,2,102,F
2019,Jun,12,1,2,D,3,110,F
2019,Jun,12,1,2,D,4,103,M
2019,Jun,12,1,2,D,5,96,M
2019,Jun,12,1,2,D,6,100,M
2019,Jun,12,1,2,D,7,83,F
2019,Jun,12,1,2,D,8,85,F
2019,Jun,12,1,2,D,9,108,F
2019,Jun,12,1,2,D,10,138,F
2019,Jun,12,2,3,A,1,109,V
2019,Jun,12,2,3,A,2,112,V
2019,Jun,12,2,3,A,3,114,V
2019,Jun,12,2,3,A,4,109,V
2019,Jun,12,2,3,A,5,120,V
2019,Jun,12,2,3,A,6,113,V
2019,Jun,12,2,3,A,7,90,V
2019,Jun,12,2,3,A,8,108,V
2019,Jun,12,2,3,A,9,111,V
2019,Jun,12,2,3,A,10,101,V
2019,Jun,12,2,3,B,1,96,F
2019,Jun,12,2,3,B,2,85,V
2019,Jun,12,2,3,B,3,118,M
2019,Jun,12,2,3,B,4,164,M
2019,Jun,12,2,3,B,5,90,F
2019,Jun,12,2,3,B,6,82,V
2019,Jun,12,2,3,B,7,73,V
2019,Jun,12,2,3,B,8,85,V
2019,Jun,12,2,3,B,9,73,F
2019,Jun,12,2,3,B,10,81,M
2019,Jun,12,2,3,C,1,114,M
2019,Jun,12,2,3,C,2,149,M
2019,Jun,12,2,3,C,3,113,F
2019,Jun,12,2,3,C,4,130,F
2019,Jun,12,2,3,C,5,165,M
2019,Jun,12,2,3,C,6,143,F
2019,Jun,12,2,3,C,7,121,F
2019,Jun,12,2,3,C,8,144,M
2019,Jun,12,2,3,C,9,172,F
2019,Jun,12,2,3,C,10,133,F
2019,Jun,12,2,3,D,1,60,V
2019,Jun,12,2,3,D,2,58,V
2019,Jun,12,2,3,D,3,50,V
2019,Jun,12,2,3,D,4,76,V
2019,Jun,12,2,3,D,5,60,V
2019,Jun,12,2,3,D,6,55,V
2019,Jun,12,2,3,D,7,35,V
2019,Jun,12,2,3,D,8,,
2019,Jun,12,2,3,D,9,,
2019,Jun,12,2,3,D,10,,
2019,Jun,12,2,4,A,1,40,V
2019,Jun,12,2,4,A,2,40,V
2019,Jun,12,2,4,A,3,48,V
2019,Jun,12,2,4,A,4,77,V
2019,Jun,12,2,4,A,5,31,V
2019,Jun,12,2,4,A,6,33,V
2019,Jun,12,2,4,A,7,76,V
2019,Jun,12,2,4,A,8,63,V
2019,Jun,12,2,4,A,9,65,V
2019,Jun,12,2,4,A,10,41,V
2019,Jun,12,2,4,B,1,180,V
2019,Jun,12,2,4,B,2,142,V
2019,Jun,12,2,4,B,3,157,V
2019,Jun,12,2,4,B,4,151,V
2019,Jun,12,2,4,B,5,164,V
2019,Jun,12,2,4,B,6,153,V
2019,Jun,12,2,4,B,7,132,V
2019,Jun,12,2,4,B,8,121,V
2019,Jun,12,2,4,B,9,132,V
2019,Jun,12,2,4,B,10,142,V
2019,Jun,12,2,4,C,1,120,V
2019,Jun,12,2,4,C,2,128,V
2019,Jun,12,2,4,C,3,131,V
2019,Jun,12,2,4,C,4,119,V
2019,Jun,12,2,4,C,5,114,V
2019,Jun,12,2,4,C,6,136,V
2019,Jun,12,2,4,C,7,134,V
2019,Jun,12,2,4,C,8,111,V
2019,Jun,12,2,4,C,9,112,V
2019,Jun,12,2,4,C,10,115,V
2019,Jun,12,2,4,D,1,70,C2
2019,Jun,12,2,4,D,2,67,C4
2019,Jun,12,2,4,D,3,79,F
2019,Jun,12,2,4,D,4,73,F
2019,Jun,12,2,4,D,5,80,M
2019,Jun,12,2,4,D,6,72,F
2019,Jun,12,2,4,D,7,85,C5
2019,Jun,12,2,4,D,8,74,F
2019,Jun,12,2,4,D,9,73,F
2019,Jun,12,2,4,D,10,87,M
2019,Jun,12,3,1,A,1,12,F
2019,Jun,12,3,1,A,2,118,M
2019,Jun,12,3,1,A,3,134,M
2019,Jun,12,3,1,A,4,117,M
2019,Jun,12,3,1,A,5,143,F
2019,Jun,12,3,1,A,6,116,M
2019,Jun,12,3,1,A,7,117,M
2019,Jun,12,3,1,A,8,138,V
2019,Jun,12,3,1,A,9,88,V
2019,Jun,12,3,1,A,10,129,F
2019,Jun,12,3,1,B,1,94,V
2019,Jun,12,3,1,B,2,118,V
2019,Jun,12,3,1,B,3,123,V
2019,Jun,12,3,1,B,4,120,V
2019,Jun,12,3,1,B,5,122,V
2019,Jun,12,3,1,B,6,119,V
2019,Jun,12,3,1,B,7,105,V
2019,Jun,12,3,1,B,8,117,V
2019,Jun,12,3,1,B,9,117,V
2019,Jun,12,3,1,B,10,121,V
2019,Jun,12,3,1,C,1,115,V
2019,Jun,12,3,1,C,2,101,V
2019,Jun,12,3,1,C,3,99,V
2019,Jun,12,3,1,C,4,106,V
2019,Jun,12,3,1,C,5,114,V
2019,Jun,12,3,1,C,6,96,V
2019,Jun,12,3,1,C,7,122,V
2019,Jun,12,3,1,C,8,105,V
2019,Jun,12,3,1,C,9,98,V
2019,Jun,12,3,1,C,10,118,V
2019,Jun,12,3,1,D,1,98,F
2019,Jun,12,3,1,D,2,88,M
2019,Jun,12,3,1,D,3,101,M
2019,Jun,12,3,1,D,4,57,F
2019,Jun,12,3,1,D,5,128,M
2019,Jun,12,3,1,D,6,86,F
2019,Jun,12,3,1,D,7,68,F
2019,Jun,12,3,1,D,8,74,F
2019,Jun,12,3,1,D,9,78,F
2019,Jun,12,3,1,D,10,80,F
2019,Jun,12,3,2,A,1,,
2019,Jun,12,3,2,A,2,,
2019,Jun,12,3,2,A,3,,
2019,Jun,12,3,2,A,4,,
2019,Jun,12,3,2,A,5,,
2019,Jun,12,3,2,A,6,,
2019,Jun,12,3,2,A,7,,
2019,Jun,12,3,2,A,8,,
2019,Jun,12,3,2,A,9,,
2019,Jun,12,3,2,A,10,,
2019,Jun,12,3,2,B,1,130,V
2019,Jun,12,3,2,B,2,139,V
2019,Jun,12,3,2,B,3,150,V
2019,Jun,12,3,2,B,4,138,V
2019,Jun,12,3,2,B,5,153,V
2019,Jun,12,3,2,B,6,107,V
2019,Jun,12,3,2,B,7,85,V
2019,Jun,12,3,2,B,8,98,V
2019,Jun,12,3,2,B,9,138,V
2019,Jun,12,3,2,B,10,82,V
2019,Jun,12,3,2,C,1,,
2019,Jun,12,3,2,C,2,,
2019,Jun,12,3,2,C,3,,
2019,Jun,12,3,2,C,4,,
2019,Jun,12,3,2,C,5,,
2019,Jun,12,3,2,C,6,,
2019,Jun,12,3,2,C,7,,
2019,Jun,12,3,2,C,8,,
2019,Jun,12,3,2,C,9,,
2019,Jun,12,3,2,C,10,,
2019,Jun,12,3,2,D,1,59,C5
2019,Jun,12,3,2,D,2,53,F
2019,Jun,12,3,2,D,3,82,F
2019,Jun,12,3,2,D,4,92,F
2019,Jun,12,3,2,D,5,52,F
2019,Jun,12,3,2,D,6,53,F
2019,Jun,12,3,2,D,7,89,F
2019,Jun,12,3,2,D,8,43,F
2019,Jun,12,3,2,D,9,75,M
2019,Jun,12,3,2,D,10,66,M
2019,Jun,12,4,3,A,1,56,V
2019,Jun,12,4,3,A,2,52,V
2019,Jun,12,4,3,A,3,64,V
2019,Jun,12,4,3,A,4,17,V
2019,Jun,12,4,3,A,5,40,V
2019,Jun,12,4,3,A,6,,
2019,Jun,12,4,3,A,7,,
2019,Jun,12,4,3,A,8,,
2019,Jun,12,4,3,A,9,,
2019,Jun,12,4,3,A,10,,
2019,Jun,12,4,3,B,1,123,F
2019,Jun,12,4,3,B,2,75,M
2019,Jun,12,4,3,B,3,59,F
2019,Jun,12,4,3,B,4,61,F
2019,Jun,12,4,3,B,5,54,F
2019,Jun,12,4,3,B,6,56,C4
2019,Jun,12,4,3,B,7,83,F
2019,Jun,12,4,3,B,8,70,F
2019,Jun,12,4,3,B,9,63,C4
2019,Jun,12,4,3,B,10,61,F
2019,Jun,12,4,3,C,1,147,V
2019,Jun,12,4,3,C,2,157,V
2019,Jun,12,4,3,C,3,158,V
2019,Jun,12,4,3,C,4,151,V
2019,Jun,12,4,3,C,5,144,V
2019,Jun,12,4,3,C,6,135,V
2019,Jun,12,4,3,C,7,110,V
2019,Jun,12,4,3,C,8,104,V
2019,Jun,12,4,3,C,9,115,V
2019,Jun,12,4,3,C,10,118,V
2019,Jun,12,4,3,D,1,140,V
2019,Jun,12,4,3,D,2,147,V
2019,Jun,12,4,3,D,3,159,V
2019,Jun,12,4,3,D,4,165,V
2019,Jun,12,4,3,D,5,151,V
2019,Jun,12,4,3,D,6,148,V
2019,Jun,12,4,3,D,7,122,V
2019,Jun,12,4,3,D,8,122,V
2019,Jun,12,4,3,D,9,137,V
2019,Jun,12,4,3,D,10,80,V
2019,Jun,12,4,4,A,1,108,F
2019,Jun,12,4,4,A,2,107,M
2019,Jun,12,4,4,A,3,115,F
2019,Jun,12,4,4,A,4,133,M
2019,Jun,12,4,4,A,5,123,F
2019,Jun,12,4,4,A,6,123,M
2019,Jun,12,4,4,A,7,129,M
2019,Jun,12,4,4,A,8,115,F
2019,Jun,12,4,4,A,9,97,F
2019,Jun,12,4,4,A,10,112,F
2019,Jun,12,4,4,B,1,121,F
2019,Jun,12,4,4,B,2,143,M
2019,Jun,12,4,4,B,3,105,V
2019,Jun,12,4,4,B,4,105.4,M
2019,Jun,12,4,4,B,5,116,F
2019,Jun,12,4,4,B,6,123,F
2019,Jun,12,4,4,B,7,136,F
2019,Jun,12,4,4,B,8,133,F
2019,Jun,12,4,4,B,9,143,F
2019,Jun,12,4,4,B,10,135,M
2019,Jun,12,4,4,C,1,69,V
2019,Jun,12,4,4,C,2,56,V
2019,Jun,12,4,4,C,3,58,V
2019,Jun,12,4,4,C,4,59,V
2019,Jun,12,4,4,C,5,37,V
2019,Jun,12,4,4,C,6,60,V
2019,Jun,12,4,4,C,7,36,V
2019,Jun,12,4,4,C,8,53,V
2019,Jun,12,4,4,C,9,51,V
2019,Jun,12,4,4,C,10,80,V
2019,Jun,12,4,4,D,1,135,V
2019,Jun,12,4,4,D,2,112,V
2019,Jun,12,4,4,D,3,128,V
2019,Jun,12,4,4,D,4,123,V
2019,Jun,12,4,4,D,5,144,V
2019,Jun,12,4,4,D,6,105,V
2019,Jun,12,4,4,D,7,102,V
2019,Jun,12,4,4,D,8,123,V
2019,Jun,12,4,4,D,9,118,V
2019,Jun,12,4,4,D,10,117,V
2019,Jun,19,1,1,A,1,116,V
2019,Jun,19,1,1,A,2,119,V
2019,Jun,19,1,1,A,3,110,V
2019,Jun,19,1,1,A,4,111,V
2019,Jun,19,1,1,A,5,110,V
2019,Jun,19,1,1,A,6,86,V
2019,Jun,19,1,1,A,7,101,V
2019,Jun,19,1,1,A,8,106,V
2019,Jun,19,1,1,A,9,110,V
2019,Jun,19,1,1,A,10,107,V
2019,Jun,19,1,1,B,1,119,V
2019,Jun,19,1,1,B,2,106,V
2019,Jun,19,1,1,B,3,98,V
2019,Jun,19,1,1,B,4,104,V
2019,Jun,19,1,1,B,5,94,V
2019,Jun,19,1,1,B,6,92,V
2019,Jun,19,1,1,B,7,99,V
2019,Jun,19,1,1,B,8,97,V
2019,Jun,19,1,1,B,9,110,V
2019,Jun,19,1,1,B,10,97,V
2019,Jun,19,1,1,C,1,145,V
2019,Jun,19,1,1,C,2,112,V
2019,Jun,19,1,1,C,3,125,V
2019,Jun,19,1,1,C,4,107,V
2019,Jun,19,1,1,C,5,150,V
2019,Jun,19,1,1,C,6,104,V
2019,Jun,19,1,1,C,7,142,V
2019,Jun,19,1,1,C,8,108,V
2019,Jun,19,1,1,C,9,112,V
2019,Jun,19,1,1,C,10,140,V
2019,Jun,19,1,1,D,1,72,V
2019,Jun,19,1,1,D,2,89,V
2019,Jun,19,1,1,D,3,73,V
2019,Jun,19,1,1,D,4,88,V
2019,Jun,19,1,1,D,5,88,V
2019,Jun,19,1,1,D,6,90,V
2019,Jun,19,1,1,D,7,0,V
2019,Jun,19,1,1,D,8,52,V
2019,Jun,19,1,1,D,9,30,V
2019,Jun,19,1,1,D,10,58,V
2019,Jun,19,1,2,A,1,58,V
2019,Jun,19,1,2,A,2,47,V
2019,Jun,19,1,2,A,3,63,V
2019,Jun,19,1,2,A,4,49,V
2019,Jun,19,1,2,A,5,43,V
2019,Jun,19,1,2,A,6,30,V
2019,Jun,19,1,2,A,7,37,V
2019,Jun,19,1,2,A,8,42,V
2019,Jun,19,1,2,A,9,,
2019,Jun,19,1,2,A,10,,
2019,Jun,19,1,2,B,1,122,F
2019,Jun,19,1,2,B,2,120,M
2019,Jun,19,1,2,B,3,96,F
2019,Jun,19,1,2,B,4,156,M
2019,Jun,19,1,2,B,5,84,F
2019,Jun,19,1,2,B,6,152,M
2019,Jun,19,1,2,B,7,150,M
2019,Jun,19,1,2,B,8,98,F
2019,Jun,19,1,2,B,9,109,F
2019,Jun,19,1,2,B,10,105,F
2019,Jun,19,1,2,C,1,112,F
2019,Jun,19,1,2,C,2,112,C5
2019,Jun,19,1,2,C,3,90,F
2019,Jun,19,1,2,C,4,77,F
2019,Jun,19,1,2,C,5,80,F
2019,Jun,19,1,2,C,6,50,F
2019,Jun,19,1,2,C,7,109,F
2019,Jun,19,1,2,C,8,125,F
2019,Jun,19,1,2,C,9,99,F
2019,Jun,19,1,2,C,10,69,M
2019,Jun,19,1,2,D,1,90,F
2019,Jun,19,1,2,D,2,102,M
2019,Jun,19,1,2,D,3,97,F
2019,Jun,19,1,2,D,4,131,F
2019,Jun,19,1,2,D,5,170,F
2019,Jun,19,1,2,D,6,120,F
2019,Jun,19,1,2,D,7,128,F
2019,Jun,19,1,2,D,8,118,F
2019,Jun,19,1,2,D,9,145,M
2019,Jun,19,1,2,D,10,127,F
2019,Jun,19,2,3,A,1,121,V
2019,Jun,19,2,3,A,2,130,V
2019,Jun,19,2,3,A,3,140,V
2019,Jun,19,2,3,A,4,140,V
2019,Jun,19,2,3,A,5,136,V
2019,Jun,19,2,3,A,6,120,V
2019,Jun,19,2,3,A,7,117,V
2019,Jun,19,2,3,A,8,142,V
2019,Jun,19,2,3,A,9,120,V
2019,Jun,19,2,3,A,10,146,V
2019,Jun,19,2,3,B,1,105,F
2019,Jun,19,2,3,B,2,96,F
2019,Jun,19,2,3,B,3,94,F
2019,Jun,19,2,3,B,4,124,M
2019,Jun,19,2,3,B,5,114,M
2019,Jun,19,2,3,B,6,127,M
2019,Jun,19,2,3,B,7,75,F
2019,Jun,19,2,3,B,8,98,F
2019,Jun,19,2,3,B,9,102,M
2019,Jun,19,2,3,B,10,76,F
2019,Jun,19,2,3,C,1,125,M
2019,Jun,19,2,3,C,2,110,M
2019,Jun,19,2,3,C,3,96,F
2019,Jun,19,2,3,C,4,95,F
2019,Jun,19,2,3,C,5,96,M
2019,Jun,19,2,3,C,6,82,M
2019,Jun,19,2,3,C,7,120,F
2019,Jun,19,2,3,C,8,128,F
2019,Jun,19,2,3,C,9,126,M
2019,Jun,19,2,3,C,10,128,F
2019,Jun,19,2,3,D,1,56,V
2019,Jun,19,2,3,D,2,80,V
2019,Jun,19,2,3,D,3,73,V
2019,Jun,19,2,3,D,4,86,V
2019,Jun,19,2,3,D,5,64,V
2019,Jun,19,2,3,D,6,105,V
2019,Jun,19,2,3,D,7,80,V
2019,Jun,19,2,3,D,8,84,V
2019,Jun,19,2,3,D,9,,
2019,Jun,19,2,3,D,10,,
2019,Jun,19,2,4,A,1,96,F
2019,Jun,19,2,4,A,2,80,F
2019,Jun,19,2,4,A,3,89,F
2019,Jun,19,2,4,A,4,98,F
2019,Jun,19,2,4,A,5,75,F
2019,Jun,19,2,4,A,6,80,F
2019,Jun,19,2,4,A,7,54,F
2019,Jun,19,2,4,A,8,84,F
2019,Jun,19,2,4,A,9,77,F
2019,Jun,19,2,4,A,10,85,F
2019,Jun,19,2,4,B,1,164,V
2019,Jun,19,2,4,B,2,164,V
2019,Jun,19,2,4,B,3,165,V
2019,Jun,19,2,4,B,4,178,V
2019,Jun,19,2,4,B,5,171,V
2019,Jun,19,2,4,B,6,176,V
2019,Jun,19,2,4,B,7,174,V
2019,Jun,19,2,4,B,8,140,V
2019,Jun,19,2,4,B,9,152,V
2019,Jun,19,2,4,B,10,165,V
2019,Jun,19,2,4,C,1,172,V
2019,Jun,19,2,4,C,2,178,V
2019,Jun,19,2,4,C,3,164,V
2019,Jun,19,2,4,C,4,189,V
2019,Jun,19,2,4,C,5,192,V
2019,Jun,19,2,4,C,6,194,V
2019,Jun,19,2,4,C,7,179,V
2019,Jun,19,2,4,C,8,171,V
2019,Jun,19,2,4,C,9,191,V
2019,Jun,19,2,4,C,10,160,V
2019,Jun,19,2,4,D,1,84,V
2019,Jun,19,2,4,D,2,90,V
2019,Jun,19,2,4,D,3,94,V
2019,Jun,19,2,4,D,4,94,V
2019,Jun,19,2,4,D,5,62,V
2019,Jun,19,2,4,D,6,108,V
2019,Jun,19,2,4,D,7,110,V
2019,Jun,19,2,4,D,8,65,V
2019,Jun,19,2,4,D,9,54,V
2019,Jun,19,2,4,D,10,62,V
2019,Jun,19,3,1,A,1,114,F
2019,Jun,19,3,1,A,2,115,F
2019,Jun,19,3,1,A,3,128,F
2019,Jun,19,3,1,A,4,114,F
2019,Jun,19,3,1,A,5,105,M
2019,Jun,19,3,1,A,6,112,F
2019,Jun,19,3,1,A,7,106,F
2019,Jun,19,3,1,A,8,104,F
2019,Jun,19,3,1,A,9,119,F
2019,Jun,19,3,1,A,10,151,M
2019,Jun,19,3,1,B,1,140,V
2019,Jun,19,3,1,B,2,149,V
2019,Jun,19,3,1,B,3,134,V
2019,Jun,19,3,1,B,4,137,V
2019,Jun,19,3,1,B,5,152,V
2019,Jun,19,3,1,B,6,174,V
2019,Jun,19,3,1,B,7,108,V
2019,Jun,19,3,1,B,8,137,V
2019,Jun,19,3,1,B,9,122,V
2019,Jun,19,3,1,B,10,130,V
2019,Jun,19,3,1,C,1,130,V
2019,Jun,19,3,1,C,2,139,V
2019,Jun,19,3,1,C,3,127,V
2019,Jun,19,3,1,C,4,134,V
2019,Jun,19,3,1,C,5,124,V
2019,Jun,19,3,1,C,6,118,V
2019,Jun,19,3,1,C,7,117,V
2019,Jun,19,3,1,C,8,140,V
2019,Jun,19,3,1,C,9,117,V
2019,Jun,19,3,1,C,10,120,V
2019,Jun,19,3,1,D,1,90,F
2019,Jun,19,3,1,D,2,91,M
2019,Jun,19,3,1,D,3,12,M
2019,Jun,19,3,1,D,4,94,M
2019,Jun,19,3,1,D,5,60,F
2019,Jun,19,3,1,D,6,100,M
2019,Jun,19,3,1,D,7,60,F
2019,Jun,19,3,1,D,8,70,F
2019,Jun,19,3,1,D,9,88,M
2019,Jun,19,3,1,D,10,68,M
2019,Jun,19,3,2,A,1,,
2019,Jun,19,3,2,A,2,,
2019,Jun,19,3,2,A,3,,
2019,Jun,19,3,2,A,4,,
2019,Jun,19,3,2,A,5,,
2019,Jun,19,3,2,A,6,,
2019,Jun,19,3,2,A,7,,
2019,Jun,19,3,2,A,8,,
2019,Jun,19,3,2,A,9,,
2019,Jun,19,3,2,A,10,,
2019,Jun,19,3,2,B,1,173,V
2019,Jun,19,3,2,B,2,148,V
2019,Jun,19,3,2,B,3,184,V
2019,Jun,19,3,2,B,4,168,V
2019,Jun,19,3,2,B,5,166,V
2019,Jun,19,3,2,B,6,158,V
2019,Jun,19,3,2,B,7,167,V
2019,Jun,19,3,2,B,8,154,V
2019,Jun,19,3,2,B,9,163,V
2019,Jun,19,3,2,B,10,189,V
2019,Jun,19,3,2,C,1,,
2019,Jun,19,3,2,C,2,,
2019,Jun,19,3,2,C,3,,
2019,Jun,19,3,2,C,4,,
2019,Jun,19,3,2,C,5,,
2019,Jun,19,3,2,C,6,,
2019,Jun,19,3,2,C,7,,
2019,Jun,19,3,2,C,8,,
2019,Jun,19,3,2,C,9,,
2019,Jun,19,3,2,C,10,,
2019,Jun,19,3,2,D,1,90,F
2019,Jun,19,3,2,D,2,62,F
2019,Jun,19,3,2,D,3,59,F
2019,Jun,19,3,2,D,4,82,F
2019,Jun,19,3,2,D,5,52,F
2019,Jun,19,3,2,D,6,60,F
2019,Jun,19,3,2,D,7,77,F
2019,Jun,19,3,2,D,8,82,F
2019,Jun,19,3,2,D,9,42,F
2019,Jun,19,3,2,D,10,64,F
2019,Jun,19,4,3,A,1,80,V
2019,Jun,19,4,3,A,2,72,V
2019,Jun,19,4,3,A,3,82,V
2019,Jun,19,4,3,A,4,94,V
2019,Jun,19,4,3,A,5,60,V
2019,Jun,19,4,3,A,6,34,V
2019,Jun,19,4,3,A,7,,
2019,Jun,19,4,3,A,8,,
2019,Jun,19,4,3,A,9,,
2019,Jun,19,4,3,A,10,,
2019,Jun,19,4,3,B,1,82,F
2019,Jun,19,4,3,B,2,64,F
2019,Jun,19,4,3,B,3,90,F
2019,Jun,19,4,3,B,4,63,F
2019,Jun,19,4,3,B,5,79,F
2019,Jun,19,4,3,B,6,98,F
2019,Jun,19,4,3,B,7,43,F
2019,Jun,19,4,3,B,8,65,F
2019,Jun,19,4,3,B,9,68,F
2019,Jun,19,4,3,B,10,71,F
2019,Jun,19,4,3,C,1,197,V
2019,Jun,19,4,3,C,2,169,V
2019,Jun,19,4,3,C,3,181,V
2019,Jun,19,4,3,C,4,188,V
2019,Jun,19,4,3,C,5,158,V
2019,Jun,19,4,3,C,6,192,V
2019,Jun,19,4,3,C,7,186,V
2019,Jun,19,4,3,C,8,187,V
2019,Jun,19,4,3,C,9,176,V
2019,Jun,19,4,3,C,10,183,V
2019,Jun,19,4,3,D,1,146,V
2019,Jun,19,4,3,D,2,149,V
2019,Jun,19,4,3,D,3,178,V
2019,Jun,19,4,3,D,4,203,V
2019,Jun,19,4,3,D,5,187,V
2019,Jun,19,4,3,D,6,187,V
2019,Jun,19,4,3,D,7,193,V
2019,Jun,19,4,3,D,8,189,V
2019,Jun,19,4,3,D,9,185,V
2019,Jun,19,4,3,D,10,187,V
2019,Jun,19,4,4,A,1,186,F
2019,Jun,19,4,4,A,2,102,F
2019,Jun,19,4,4,A,3,98,F
2019,Jun,19,4,4,A,4,101,F
2019,Jun,19,4,4,A,5,110,F
2019,Jun,19,4,4,A,6,90,F
2019,Jun,19,4,4,A,7,94,F
2019,Jun,19,4,4,A,8,125,F
2019,Jun,19,4,4,A,9,121,M
2019,Jun,19,4,4,A,10,114,F
2019,Jun,19,4,4,B,1,100,F
2019,Jun,19,4,4,B,2,120,M
2019,Jun,19,4,4,B,3,132,F
2019,Jun,19,4,4,B,4,114,F
2019,Jun,19,4,4,B,5,113,M
2019,Jun,19,4,4,B,6,139,F
2019,Jun,19,4,4,B,7,143,F
2019,Jun,19,4,4,B,8,134,F
2019,Jun,19,4,4,B,9,124,M
2019,Jun,19,4,4,B,10,109,F
2019,Jun,19,4,4,C,1,110,V
2019,Jun,19,4,4,C,2,75,V
2019,Jun,19,4,4,C,3,72,V
2019,Jun,19,4,4,C,4,75,V
2019,Jun,19,4,4,C,5,88,V
2019,Jun,19,4,4,C,6,50,V
2019,Jun,19,4,4,C,7,82,V
2019,Jun,19,4,4,C,8,47,V
2019,Jun,19,4,4,C,9,86,V
2019,Jun,19,4,4,C,10,96,V
2019,Jun,19,4,4,D,1,168,V
2019,Jun,19,4,4,D,2,158,V
2019,Jun,19,4,4,D,3,169,V
2019,Jun,19,4,4,D,4,172,V
2019,Jun,19,4,4,D,5,157,V
2019,Jun,19,4,4,D,6,164,V
2019,Jun,19,4,4,D,7,168,V
2019,Jun,19,4,4,D,8,185,V
2019,Jun,19,4,4,D,9,112,V
2019,Jun,19,4,4,D,10,157,V
2019,Jun,27,1,1,A,1,121,V
2019,Jun,27,1,1,A,2,122,V
2019,Jun,27,1,1,A,3,120,V
2019,Jun,27,1,1,A,4,110,V
2019,Jun,27,1,1,A,5,107,V
2019,Jun,27,1,1,A,6,133,V
2019,Jun,27,1,1,A,7,147,V
2019,Jun,27,1,1,A,8,124,V
2019,Jun,27,1,1,A,9,123,V
2019,Jun,27,1,1,A,10,135,V
2019,Jun,27,1,1,B,1,100,V
2019,Jun,27,1,1,B,2,110,V
2019,Jun,27,1,1,B,3,112,V
2019,Jun,27,1,1,B,4,123,V
2019,Jun,27,1,1,B,5,130,V
2019,Jun,27,1,1,B,6,122,V
2019,Jun,27,1,1,B,7,140,V
2019,Jun,27,1,1,B,8,117,V
2019,Jun,27,1,1,B,9,113,V
2019,Jun,27,1,1,B,10,107,V
2019,Jun,27,1,1,C,1,113,V
2019,Jun,27,1,1,C,2,141,V
2019,Jun,27,1,1,C,3,154,V
2019,Jun,27,1,1,C,4,138,V
2019,Jun,27,1,1,C,5,130,V
2019,Jun,27,1,1,C,6,145,V
2019,Jun,27,1,1,C,7,155,V
2019,Jun,27,1,1,C,8,165,V
2019,Jun,27,1,1,C,9,162,V
2019,Jun,27,1,1,C,10,160,V
2019,Jun,27,1,1,D,1,73,V
2019,Jun,27,1,1,D,2,61,V
2019,Jun,27,1,1,D,3,42,V
2019,Jun,27,1,1,D,4,66,V
2019,Jun,27,1,1,D,5,83,V
2019,Jun,27,1,1,D,6,114,F
2019,Jun,27,1,1,D,7,108,V
2019,Jun,27,1,1,D,8,107,F
2019,Jun,27,1,1,D,9,102,V
2019,Jun,27,1,1,D,10,94,V
2019,Jun,27,1,2,A,1,58,V
2019,Jun,27,1,2,A,2,30,V
2019,Jun,27,1,2,A,3,44,V
2019,Jun,27,1,2,A,4,76,V
2019,Jun,27,1,2,A,5,44,V
2019,Jun,27,1,2,A,6,58,V
2019,Jun,27,1,2,A,7,47,V
2019,Jun,27,1,2,A,8,48,V
2019,Jun,27,1,2,A,9,,
2019,Jun,27,1,2,A,10,,
2019,Jun,27,1,2,B,1,89,F
2019,Jun,27,1,2,B,2,124,F
2019,Jun,27,1,2,B,3,153,M
2019,Jun,27,1,2,B,4,142,F
2019,Jun,27,1,2,B,5,93,F
2019,Jun,27,1,2,B,6,85,F
2019,Jun,27,1,2,B,7,107,F
2019,Jun,27,1,2,B,8,97,F
2019,Jun,27,1,2,B,9,150,M
2019,Jun,27,1,2,B,10,101,F
2019,Jun,27,1,2,C,1,111,F
2019,Jun,27,1,2,C,2,98,F
2019,Jun,27,1,2,C,3,122,F
2019,Jun,27,1,2,C,4,98,F
2019,Jun,27,1,2,C,5,87,F
2019,Jun,27,1,2,C,6,72,F
2019,Jun,27,1,2,C,7,91,F
2019,Jun,27,1,2,C,8,112,F
2019,Jun,27,1,2,C,9,110,F
2019,Jun,27,1,2,C,10,85,F
2019,Jun,27,1,2,D,1,102,F
2019,Jun,27,1,2,D,2,98,F
2019,Jun,27,1,2,D,3,95,M
2019,Jun,27,1,2,D,4,130,F
2019,Jun,27,1,2,D,5,148,F
2019,Jun,27,1,2,D,6,133,F
2019,Jun,27,1,2,D,7,163,M
2019,Jun,27,1,2,D,8,139,F
2019,Jun,27,1,2,D,9,90,F
2019,Jun,27,1,2,D,10,118,F
2019,Jun,27,2,3,A,1,146,V
2019,Jun,27,2,3,A,2,153,V
2019,Jun,27,2,3,A,3,155,V
2019,Jun,27,2,3,A,4,165,V
2019,Jun,27,2,3,A,5,144,V
2019,Jun,27,2,3,A,6,135,V
2019,Jun,27,2,3,A,7,153,V
2019,Jun,27,2,3,A,8,130,V
2019,Jun,27,2,3,A,9,130,V
2019,Jun,27,2,3,A,10,144,V
2019,Jun,27,2,3,B,1,102,F
2019,Jun,27,2,3,B,2,106,F
2019,Jun,27,2,3,B,3,93,F
2019,Jun,27,2,3,B,4,104,M
2019,Jun,27,2,3,B,5,83,F
2019,Jun,27,2,3,B,6,113,F
2019,Jun,27,2,3,B,7,173,M
2019,Jun,27,2,3,B,8,112,F
2019,Jun,27,2,3,B,9,107,F
2019,Jun,27,2,3,B,10,96,F
2019,Jun,27,2,3,C,1,104,F
2019,Jun,27,2,3,C,2,167,F
2019,Jun,27,2,3,C,3,122,M
2019,Jun,27,2,3,C,4,114,F
2019,Jun,27,2,3,C,5,137,F
2019,Jun,27,2,3,C,6,123,M
2019,Jun,27,2,3,C,7,130,F
2019,Jun,27,2,3,C,8,109,F
2019,Jun,27,2,3,C,9,169,M
2019,Jun,27,2,3,C,10,153,F
2019,Jun,27,2,3,D,1,104,V
2019,Jun,27,2,3,D,2,102,V
2019,Jun,27,2,3,D,3,136,F
2019,Jun,27,2,3,D,4,115,V
2019,Jun,27,2,3,D,5,99,V
2019,Jun,27,2,3,D,6,101,V
2019,Jun,27,2,3,D,7,69,V
2019,Jun,27,2,3,D,8,,
2019,Jun,27,2,3,D,9,,
2019,Jun,27,2,3,D,10,,
2019,Jun,27,2,4,A,1,59,F
2019,Jun,27,2,4,A,2,74,F
2019,Jun,27,2,4,A,3,74,F
2019,Jun,27,2,4,A,4,85,F
2019,Jun,27,2,4,A,5,76,F
2019,Jun,27,2,4,A,6,79,F
2019,Jun,27,2,4,A,7,49,F
2019,Jun,27,2,4,A,8,74,F
2019,Jun,27,2,4,A,9,90,F
2019,Jun,27,2,4,A,10,63,F
2019,Jun,27,2,4,B,1,210,V
2019,Jun,27,2,4,B,2,186,V
2019,Jun,27,2,4,B,3,189,V
2019,Jun,27,2,4,B,4,194,V
2019,Jun,27,2,4,B,5,185,V
2019,Jun,27,2,4,B,6,176,V
2019,Jun,27,2,4,B,7,194,V
2019,Jun,27,2,4,B,8,178,V
2019,Jun,27,2,4,B,9,183,V
2019,Jun,27,2,4,B,10,205,V
2019,Jun,27,2,4,C,1,218,V
2019,Jun,27,2,4,C,2,211,V
2019,Jun,27,2,4,C,3,183,V
2019,Jun,27,2,4,C,4,230,V
2019,Jun,27,2,4,C,5,230,V
2019,Jun,27,2,4,C,6,270,V
2019,Jun,27,2,4,C,7,189,V
2019,Jun,27,2,4,C,8,182,V
2019,Jun,27,2,4,C,9,162,V
2019,Jun,27,2,4,C,10,203,V
2019,Jun,27,2,4,D,1,89,V
2019,Jun,27,2,4,D,2,92,V
2019,Jun,27,2,4,D,3,91,V
2019,Jun,27,2,4,D,4,81,V
2019,Jun,27,2,4,D,5,97,F
2019,Jun,27,2,4,D,6,136,F
2019,Jun,27,2,4,D,7,88,V
2019,Jun,27,2,4,D,8,114,V
2019,Jun,27,2,4,D,9,116,V
2019,Jun,27,2,4,D,10,114,V
2019,Jun,27,3,1,A,1,122,M
2019,Jun,27,3,1,A,2,124,F
2019,Jun,27,3,1,A,3,165,F
2019,Jun,27,3,1,A,4,137,F
2019,Jun,27,3,1,A,5,147,M
2019,Jun,27,3,1,A,6,120,F
2019,Jun,27,3,1,A,7,111,F
2019,Jun,27,3,1,A,8,121,F
2019,Jun,27,3,1,A,9,121,M
2019,Jun,27,3,1,A,10,157,F
2019,Jun,27,3,1,B,1,151,V
2019,Jun,27,3,1,B,2,149,V
2019,Jun,27,3,1,B,3,134,V
2019,Jun,27,3,1,B,4,139,V
2019,Jun,27,3,1,B,5,145,V
2019,Jun,27,3,1,B,6,151,V
2019,Jun,27,3,1,B,7,141,V
2019,Jun,27,3,1,B,8,129,V
2019,Jun,27,3,1,B,9,135,V
2019,Jun,27,3,1,B,10,131,V
2019,Jun,27,3,1,C,1,129,V
2019,Jun,27,3,1,C,2,132,V
2019,Jun,27,3,1,C,3,129,V
2019,Jun,27,3,1,C,4,136,V
2019,Jun,27,3,1,C,5,139,V
2019,Jun,27,3,1,C,6,165,V
2019,Jun,27,3,1,C,7,153,V
2019,Jun,27,3,1,C,8,133,V
2019,Jun,27,3,1,C,9,132,V
2019,Jun,27,3,1,C,10,139,V
2019,Jun,27,3,1,D,1,105,F
2019,Jun,27,3,1,D,2,78,M
2019,Jun,27,3,1,D,3,92,F
2019,Jun,27,3,1,D,4,87,F
2019,Jun,27,3,1,D,5,64,F
2019,Jun,27,3,1,D,6,60,F
2019,Jun,27,3,1,D,7,52,F
2019,Jun,27,3,1,D,8,54,F
2019,Jun,27,3,1,D,9,68,F
2019,Jun,27,3,1,D,10,75,M
2019,Jun,27,3,2,A,1,,
2019,Jun,27,3,2,A,2,,
2019,Jun,27,3,2,A,3,,
2019,Jun,27,3,2,A,4,,
2019,Jun,27,3,2,A,5,,
2019,Jun,27,3,2,A,6,,
2019,Jun,27,3,2,A,7,,
2019,Jun,27,3,2,A,8,,
2019,Jun,27,3,2,A,9,,
2019,Jun,27,3,2,A,10,,
2019,Jun,27,3,2,B,1,175,V
2019,Jun,27,3,2,B,2,186,V
2019,Jun,27,3,2,B,3,180,V
2019,Jun,27,3,2,B,4,193,V
2019,Jun,27,3,2,B,5,188,V
2019,Jun,27,3,2,B,6,184,V
2019,Jun,27,3,2,B,7,193,V
2019,Jun,27,3,2,B,8,167,V
2019,Jun,27,3,2,B,9,162,V
2019,Jun,27,3,2,B,10,176,V
2019,Jun,27,3,2,C,1,,
2019,Jun,27,3,2,C,2,,
2019,Jun,27,3,2,C,3,,
2019,Jun,27,3,2,C,4,,
2019,Jun,27,3,2,C,5,,
2019,Jun,27,3,2,C,6,,
2019,Jun,27,3,2,C,7,,
2019,Jun,27,3,2,C,8,,
2019,Jun,27,3,2,C,9,,
2019,Jun,27,3,2,C,10,,
2019,Jun,27,3,2,D,1,82,F
2019,Jun,27,3,2,D,2,93,F
2019,Jun,27,3,2,D,3,80,F
2019,Jun,27,3,2,D,4,111,F
2019,Jun,27,3,2,D,5,101,F
2019,Jun,27,3,2,D,6,62,F
2019,Jun,27,3,2,D,7,69,F
2019,Jun,27,3,2,D,8,62,F
2019,Jun,27,3,2,D,9,61,F
2019,Jun,27,3,2,D,10,83,F
2019,Jun,27,4,3,A,1,110,V
2019,Jun,27,4,3,A,2,90,V
2019,Jun,27,4,3,A,3,99,V
2019,Jun,27,4,3,A,4,115,V
2019,Jun,27,4,3,A,5,73,V
2019,Jun,27,4,3,A,6,48,V
2019,Jun,27,4,3,A,7,,
2019,Jun,27,4,3,A,8,,
2019,Jun,27,4,3,A,9,,
2019,Jun,27,4,3,A,10,,
2019,Jun,27,4,3,B,1,83,F
2019,Jun,27,4,3,B,2,63,F
2019,Jun,27,4,3,B,3,50,F
2019,Jun,27,4,3,B,4,59,F
2019,Jun,27,4,3,B,5,58,F
2019,Jun,27,4,3,B,6,71,F
2019,Jun,27,4,3,B,7,55,F
2019,Jun,27,4,3,B,8,131,F
2019,Jun,27,4,3,B,9,87,F
2019,Jun,27,4,3,B,10,54,F
2019,Jun,27,4,3,C,1,194,V
2019,Jun,27,4,3,C,2,235,V
2019,Jun,27,4,3,C,3,232,V
2019,Jun,27,4,3,C,4,233,V
2019,Jun,27,4,3,C,5,145,V
2019,Jun,27,4,3,C,6,200,V
2019,Jun,27,4,3,C,7,215,V
2019,Jun,27,4,3,C,8,169,V
2019,Jun,27,4,3,C,9,235,V
2019,Jun,27,4,3,C,10,216,V
2019,Jun,27,4,3,D,1,232,V
2019,Jun,27,4,3,D,2,229,V
2019,Jun,27,4,3,D,3,234,V
2019,Jun,27,4,3,D,4,200,V
2019,Jun,27,4,3,D,5,253,V
2019,Jun,27,4,3,D,6,219,V
2019,Jun,27,4,3,D,7,188,V
2019,Jun,27,4,3,D,8,207,V
2019,Jun,27,4,3,D,9,201,V
2019,Jun,27,4,3,D,10,165,V
2019,Jun,27,4,4,A,1,116,F
2019,Jun,27,4,4,A,2,119,F
2019,Jun,27,4,4,A,3,113,M
2019,Jun,27,4,4,A,4,133,F
2019,Jun,27,4,4,A,5,100,M
2019,Jun,27,4,4,A,6,122,M
2019,Jun,27,4,4,A,7,100,F
2019,Jun,27,4,4,A,8,135,M
2019,Jun,27,4,4,A,9,120,F
2019,Jun,27,4,4,A,10,117,F
2019,Jun,27,4,4,B,1,122,F
2019,Jun,27,4,4,B,2,164,M
2019,Jun,27,4,4,B,3,128,F
2019,Jun,27,4,4,B,4,146,F
2019,Jun,27,4,4,B,5,123,F
2019,Jun,27,4,4,B,6,138,F
2019,Jun,27,4,4,B,7,157,F
2019,Jun,27,4,4,B,8,138,F
2019,Jun,27,4,4,B,9,143,F
2019,Jun,27,4,4,B,10,179,F
2019,Jun,27,4,4,C,1,95,V
2019,Jun,27,4,4,C,2,100,F
2019,Jun,27,4,4,C,3,96,V
2019,Jun,27,4,4,C,4,94,V
2019,Jun,27,4,4,C,5,60,V
2019,Jun,27,4,4,C,6,61,V
2019,Jun,27,4,4,C,7,106,V
2019,Jun,27,4,4,C,8,90,V
2019,Jun,27,4,4,C,9,140,V
2019,Jun,27,4,4,C,10,95,V
2019,Jun,27,4,4,D,1,181,V
2019,Jun,27,4,4,D,2,183,V
2019,Jun,27,4,4,D,3,192,V
2019,Jun,27,4,4,D,4,177,V
2019,Jun,27,4,4,D,5,178,V
2019,Jun,27,4,4,D,6,152,V
2019,Jun,27,4,4,D,7,164,V
2019,Jun,27,4,4,D,8,167,V
2019,Jun,27,4,4,D,9,144,V
2019,Jun,27,4,4,D,10,156,V
2019,Jul,3,1,1,A,1,130,V
2019,Jul,3,1,1,A,2,135,V
2019,Jul,3,1,1,A,3,139,V
2019,Jul,3,1,1,A,4,125,V
2019,Jul,3,1,1,A,5,154,V
2019,Jul,3,1,1,A,6,132,V
2019,Jul,3,1,1,A,7,167,V
2019,Jul,3,1,1,A,8,142,V
2019,Jul,3,1,1,A,9,127,V
2019,Jul,3,1,1,A,10,130,V
2019,Jul,3,1,1,B,1,113,V
2019,Jul,3,1,1,B,2,112,V
2019,Jul,3,1,1,B,3,119,V
2019,Jul,3,1,1,B,4,121,V
2019,Jul,3,1,1,B,5,140,V
2019,Jul,3,1,1,B,6,124,V
2019,Jul,3,1,1,B,7,151,V
2019,Jul,3,1,1,B,8,144,V
2019,Jul,3,1,1,B,9,151,V
2019,Jul,3,1,1,B,10,165,V
2019,Jul,3,1,1,C,1,176,V
2019,Jul,3,1,1,C,2,172,V
2019,Jul,3,1,1,C,3,122,V
2019,Jul,3,1,1,C,4,133,V
2019,Jul,3,1,1,C,5,148,V
2019,Jul,3,1,1,C,6,163,V
2019,Jul,3,1,1,C,7,165,V
2019,Jul,3,1,1,C,8,142,V
2019,Jul,3,1,1,C,9,130,V
2019,Jul,3,1,1,C,10,167,V
2019,Jul,3,1,1,D,1,78,V
2019,Jul,3,1,1,D,2,88,V
2019,Jul,3,1,1,D,3,52,V
2019,Jul,3,1,1,D,4,78,V
2019,Jul,3,1,1,D,5,99,V
2019,Jul,3,1,1,D,6,123,F
2019,Jul,3,1,1,D,7,118,V
2019,Jul,3,1,1,D,8,109,V
2019,Jul,3,1,1,D,9,115,F
2019,Jul,3,1,1,D,10,123,V
2019,Jul,3,1,2,A,1,36,V
2019,Jul,3,1,2,A,2,67,V
2019,Jul,3,1,2,A,3,55,V
2019,Jul,3,1,2,A,4,91,V
2019,Jul,3,1,2,A,5,66,V
2019,Jul,3,1,2,A,6,52,V
2019,Jul,3,1,2,A,7,51,V
2019,Jul,3,1,2,A,8,,
2019,Jul,3,1,2,A,9,,
2019,Jul,3,1,2,A,10,,
2019,Jul,3,1,2,B,1,90,F
2019,Jul,3,1,2,B,2,88,F
2019,Jul,3,1,2,B,3,90,F
2019,Jul,3,1,2,B,4,154,M
2019,Jul,3,1,2,B,5,91,F
2019,Jul,3,1,2,B,6,71,F
2019,Jul,3,1,2,B,7,93,F
2019,Jul,3,1,2,B,8,106,F
2019,Jul,3,1,2,B,9,107,F
2019,Jul,3,1,2,B,10,97,F
2019,Jul,3,1,2,C,1,109,F
2019,Jul,3,1,2,C,2,105,F
2019,Jul,3,1,2,C,3,124,F
2019,Jul,3,1,2,C,4,73,F
2019,Jul,3,1,2,C,5,70,F
2019,Jul,3,1,2,C,6,98,F
2019,Jul,3,1,2,C,7,97,F
2019,Jul,3,1,2,C,8,95,F
2019,Jul,3,1,2,C,9,94,F
2019,Jul,3,1,2,C,10,59,F
2019,Jul,3,1,2,D,1,154,M
2019,Jul,3,1,2,D,2,117,F
2019,Jul,3,1,2,D,3,106,F
2019,Jul,3,1,2,D,4,149,F
2019,Jul,3,1,2,D,5,153,F
2019,Jul,3,1,2,D,6,125,F
2019,Jul,3,1,2,D,7,153,F
2019,Jul,3,1,2,D,8,122,F
2019,Jul,3,1,2,D,9,106,F
2019,Jul,3,1,2,D,10,100,F
2019,Jul,3,2,3,A,1,165,V
2019,Jul,3,2,3,A,2,161,V
2019,Jul,3,2,3,A,3,153,V
2019,Jul,3,2,3,A,4,167,V
2019,Jul,3,2,3,A,5,188,V
2019,Jul,3,2,3,A,6,142,V
2019,Jul,3,2,3,A,7,174,V
2019,Jul,3,2,3,A,8,162,V
2019,Jul,3,2,3,A,9,161,V
2019,Jul,3,2,3,A,10,168,V
2019,Jul,3,2,3,B,1,112,F
2019,Jul,3,2,3,B,2,158,F
2019,Jul,3,2,3,B,3,191,F
2019,Jul,3,2,3,B,4,100,F
2019,Jul,3,2,3,B,5,151,M
2019,Jul,3,2,3,B,6,86,F
2019,Jul,3,2,3,B,7,106,F
2019,Jul,3,2,3,B,8,114,F
2019,Jul,3,2,3,B,9,106,F
2019,Jul,3,2,3,B,10,113,F
2019,Jul,3,2,3,C,1,92,F
2019,Jul,3,2,3,C,2,126,F
2019,Jul,3,2,3,C,3,153,F
2019,Jul,3,2,3,C,4,131,F
2019,Jul,3,2,3,C,5,111,F
2019,Jul,3,2,3,C,6,104,F
2019,Jul,3,2,3,C,7,169,M
2019,Jul,3,2,3,C,8,157,F
2019,Jul,3,2,3,C,9,188,M
2019,Jul,3,2,3,C,10,143,F
2019,Jul,3,2,3,D,1,122,F
2019,Jul,3,2,3,D,2,117,V
2019,Jul,3,2,3,D,3,145,F
2019,Jul,3,2,3,D,4,116,V
2019,Jul,3,2,3,D,5,179,V
2019,Jul,3,2,3,D,6,122,V
2019,Jul,3,2,3,D,7,129,V
2019,Jul,3,2,3,D,8,,
2019,Jul,3,2,3,D,9,,
2019,Jul,3,2,3,D,10,,
2019,Jul,3,2,4,A,1,78,F
2019,Jul,3,2,4,A,2,97,F
2019,Jul,3,2,4,A,3,84,F
2019,Jul,3,2,4,A,4,73,F
2019,Jul,3,2,4,A,5,89,F
2019,Jul,3,2,4,A,6,67,F
2019,Jul,3,2,4,A,7,85,F
2019,Jul,3,2,4,A,8,84,F
2019,Jul,3,2,4,A,9,79,F
2019,Jul,3,2,4,A,10,64,F
2019,Jul,3,2,4,B,1,201,V
2019,Jul,3,2,4,B,2,199,V
2019,Jul,3,2,4,B,3,200,V
2019,Jul,3,2,4,B,4,299,V
2019,Jul,3,2,4,B,5,297,V
2019,Jul,3,2,4,B,6,297,V
2019,Jul,3,2,4,B,7,219,V
2019,Jul,3,2,4,B,8,215,V
2019,Jul,3,2,4,B,9,212,V
2019,Jul,3,2,4,B,10,222,V
2019,Jul,3,2,4,C,1,229,V
2019,Jul,3,2,4,C,2,226,V
2019,Jul,3,2,4,C,3,233,V
2019,Jul,3,2,4,C,4,223,V
2019,Jul,3,2,4,C,5,213,V
2019,Jul,3,2,4,C,6,219,V
2019,Jul,3,2,4,C,7,200,V
2019,Jul,3,2,4,C,8,202,V
2019,Jul,3,2,4,C,9,214,V
2019,Jul,3,2,4,C,10,217,V
2019,Jul,3,2,4,D,1,133,V
2019,Jul,3,2,4,D,2,122,V
2019,Jul,3,2,4,D,3,130,V
2019,Jul,3,2,4,D,4,130,V
2019,Jul,3,2,4,D,5,147,F
2019,Jul,3,2,4,D,6,149,F
2019,Jul,3,2,4,D,7,100,F
2019,Jul,3,2,4,D,8,96,V
2019,Jul,3,2,4,D,9,106,F
2019,Jul,3,2,4,D,10,104,V
2019,Jul,3,3,1,A,1,168,F
2019,Jul,3,3,1,A,2,158,F
2019,Jul,3,3,1,A,3,185,F
2019,Jul,3,3,1,A,4,130,F
2019,Jul,3,3,1,A,5,124,F
2019,Jul,3,3,1,A,6,116,F
2019,Jul,3,3,1,A,7,105,F
2019,Jul,3,3,1,A,8,115,F
2019,Jul,3,3,1,A,9,145,F
2019,Jul,3,3,1,A,10,138,F
2019,Jul,3,3,1,B,1,150,V
2019,Jul,3,3,1,B,2,154,V
2019,Jul,3,3,1,B,3,144,V
2019,Jul,3,3,1,B,4,155,V
2019,Jul,3,3,1,B,5,162,V
2019,Jul,3,3,1,B,6,159,V
2019,Jul,3,3,1,B,7,147,V
2019,Jul,3,3,1,B,8,145,V
2019,Jul,3,3,1,B,9,154,V
2019,Jul,3,3,1,B,10,133,V
2019,Jul,3,3,1,C,1,148,V
2019,Jul,3,3,1,C,2,143,V
2019,Jul,3,3,1,C,3,171,V
2019,Jul,3,3,1,C,4,167,V
2019,Jul,3,3,1,C,5,159,V
2019,Jul,3,3,1,C,6,204,V
2019,Jul,3,3,1,C,7,161,V
2019,Jul,3,3,1,C,8,163,V
2019,Jul,3,3,1,C,9,163,V
2019,Jul,3,3,1,C,10,145,V
2019,Jul,3,3,1,D,1,101,F
2019,Jul,3,3,1,D,2,70,F
2019,Jul,3,3,1,D,3,89,F
2019,Jul,3,3,1,D,4,160,F
2019,Jul,3,3,1,D,5,79,F
2019,Jul,3,3,1,D,6,92,F
2019,Jul,3,3,1,D,7,101,M
2019,Jul,3,3,1,D,8,98,F
2019,Jul,3,3,1,D,9,102,F
2019,Jul,3,3,1,D,10,94,F
2019,Jul,3,3,2,A,1,,
2019,Jul,3,3,2,A,2,,
2019,Jul,3,3,2,A,3,,
2019,Jul,3,3,2,A,4,,
2019,Jul,3,3,2,A,5,,
2019,Jul,3,3,2,A,6,,
2019,Jul,3,3,2,A,7,,
2019,Jul,3,3,2,A,8,,
2019,Jul,3,3,2,A,9,,
2019,Jul,3,3,2,A,10,,
2019,Jul,3,3,2,B,1,223,V
2019,Jul,3,3,2,B,2,201,V
2019,Jul,3,3,2,B,3,214,V
2019,Jul,3,3,2,B,4,207,V
2019,Jul,3,3,2,B,5,194,V
2019,Jul,3,3,2,B,6,221,V
2019,Jul,3,3,2,B,7,202,V
2019,Jul,3,3,2,B,8,208,V
2019,Jul,3,3,2,B,9,196,V
2019,Jul,3,3,2,B,10,205,V
2019,Jul,3,3,2,C,1,,
2019,Jul,3,3,2,C,2,,
2019,Jul,3,3,2,C,3,,
2019,Jul,3,3,2,C,4,,
2019,Jul,3,3,2,C,5,,
2019,Jul,3,3,2,C,6,,
2019,Jul,3,3,2,C,7,,
2019,Jul,3,3,2,C,8,,
2019,Jul,3,3,2,C,9,,
2019,Jul,3,3,2,C,10,,
2019,Jul,3,3,2,D,1,111,F
2019,Jul,3,3,2,D,2,88,F
2019,Jul,3,3,2,D,3,106,F
2019,Jul,3,3,2,D,4,54,F
2019,Jul,3,3,2,D,5,65,F
2019,Jul,3,3,2,D,6,81,F
2019,Jul,3,3,2,D,7,77,F
2019,Jul,3,3,2,D,8,77,F
2019,Jul,3,3,2,D,9,43,F
2019,Jul,3,3,2,D,10,54,F
2019,Jul,3,4,3,A,1,87,V
2019,Jul,3,4,3,A,2,137,V
2019,Jul,3,4,3,A,3,114,V
2019,Jul,3,4,3,A,4,106,F
2019,Jul,3,4,3,A,5,132,V
2019,Jul,3,4,3,A,6,,
2019,Jul,3,4,3,A,7,,
2019,Jul,3,4,3,A,8,,
2019,Jul,3,4,3,A,9,,
2019,Jul,3,4,3,A,10,,
2019,Jul,3,4,3,B,1,50,F
2019,Jul,3,4,3,B,2,52,F
2019,Jul,3,4,3,B,3,51,V
2019,Jul,3,4,3,B,4,93,F
2019,Jul,3,4,3,B,5,72,F
2019,Jul,3,4,3,B,6,80,F
2019,Jul,3,4,3,B,7,90,F
2019,Jul,3,4,3,B,8,96,F
2019,Jul,3,4,3,B,9,82,F
2019,Jul,3,4,3,B,10,63,F
2019,Jul,3,4,3,C,1,259,V
2019,Jul,3,4,3,C,2,245,V
2019,Jul,3,4,3,C,3,236,V
2019,Jul,3,4,3,C,4,239,V
2019,Jul,3,4,3,C,5,231,V
2019,Jul,3,4,3,C,6,253,V
2019,Jul,3,4,3,C,7,234,V
2019,Jul,3,4,3,C,8,217,V
2019,Jul,3,4,3,C,9,201,V
2019,Jul,3,4,3,C,10,234,V
2019,Jul,3,4,3,D,1,243,V
2019,Jul,3,4,3,D,2,232,V
2019,Jul,3,4,3,D,3,218,V
2019,Jul,3,4,3,D,4,227,V
2019,Jul,3,4,3,D,5,213,V
2019,Jul,3,4,3,D,6,177,V
2019,Jul,3,4,3,D,7,175,V
2019,Jul,3,4,3,D,8,192,V
2019,Jul,3,4,3,D,9,244,V
2019,Jul,3,4,3,D,10,244,V
2019,Jul,3,4,4,A,1,136,F
2019,Jul,3,4,4,A,2,130,M
2019,Jul,3,4,4,A,3,113,F
2019,Jul,3,4,4,A,4,128,F
2019,Jul,3,4,4,A,5,116,F
2019,Jul,3,4,4,A,6,112,F
2019,Jul,3,4,4,A,7,92,F
2019,Jul,3,4,4,A,8,128,F
2019,Jul,3,4,4,A,9,145,F
2019,Jul,3,4,4,A,10,156,F
2019,Jul,3,4,4,B,1,179,F
2019,Jul,3,4,4,B,2,140,F
2019,Jul,3,4,4,B,3,136,F
2019,Jul,3,4,4,B,4,141,M
2019,Jul,3,4,4,B,5,132,F
2019,Jul,3,4,4,B,6,142,M
2019,Jul,3,4,4,B,7,138,F
2019,Jul,3,4,4,B,8,138,F
2019,Jul,3,4,4,B,9,165,F
2019,Jul,3,4,4,B,10,136,F
2019,Jul,3,4,4,C,1,103,V
2019,Jul,3,4,4,C,2,69,F
2019,Jul,3,4,4,C,3,101,V
2019,Jul,3,4,4,C,4,104,V
2019,Jul,3,4,4,C,5,104,F
2019,Jul,3,4,4,C,6,117,V
2019,Jul,3,4,4,C,7,64,V
2019,Jul,3,4,4,C,8,107,V
2019,Jul,3,4,4,C,9,99,V
2019,Jul,3,4,4,C,10,110,F
2019,Jul,3,4,4,D,1,198,V
2019,Jul,3,4,4,D,2,186,V
2019,Jul,3,4,4,D,3,190,V
2019,Jul,3,4,4,D,4,201,V
2019,Jul,3,4,4,D,5,277,V
2019,Jul,3,4,4,D,6,217,V
2019,Jul,3,4,4,D,7,161,V
2019,Jul,3,4,4,D,8,168,V
2019,Jul,3,4,4,D,9,186,V
2019,Jul,3,4,4,D,10,209,V
2019,Jul,9,1,1,A,1,123,V
2019,Jul,9,1,1,A,2,139,V
2019,Jul,9,1,1,A,3,150,V
2019,Jul,9,1,1,A,4,138,V
2019,Jul,9,1,1,A,5,123,V
2019,Jul,9,1,1,A,6,122,V
2019,Jul,9,1,1,A,7,141,V
2019,Jul,9,1,1,A,8,132,V
2019,Jul,9,1,1,A,9,115,V
2019,Jul,9,1,1,A,10,139,V
2019,Jul,9,1,1,B,1,138,V
2019,Jul,9,1,1,B,2,146,V
2019,Jul,9,1,1,B,3,140,V
2019,Jul,9,1,1,B,4,133,V
2019,Jul,9,1,1,B,5,129,V
2019,Jul,9,1,1,B,6,135,V
2019,Jul,9,1,1,B,7,139,V
2019,Jul,9,1,1,B,8,133,V
2019,Jul,9,1,1,B,9,134,V
2019,Jul,9,1,1,B,10,137,V
2019,Jul,9,1,1,C,1,182,V
2019,Jul,9,1,1,C,2,172,V
2019,Jul,9,1,1,C,3,143,V
2019,Jul,9,1,1,C,4,181,V
2019,Jul,9,1,1,C,5,184,V
2019,Jul,9,1,1,C,6,139,V
2019,Jul,9,1,1,C,7,152,V
2019,Jul,9,1,1,C,8,125,V
2019,Jul,9,1,1,C,9,137,V
2019,Jul,9,1,1,C,10,135,V
2019,Jul,9,1,1,D,1,92,V
2019,Jul,9,1,1,D,2,100,V
2019,Jul,9,1,1,D,3,50,V
2019,Jul,9,1,1,D,4,96,V
2019,Jul,9,1,1,D,5,115,V
2019,Jul,9,1,1,D,6,124,F
2019,Jul,9,1,1,D,7,143,V
2019,Jul,9,1,1,D,8,140,F
2019,Jul,9,1,1,D,9,135,V
2019,Jul,9,1,1,D,10,125,V
2019,Jul,9,1,2,A,1,73,F
2019,Jul,9,1,2,A,2,55,V
2019,Jul,9,1,2,A,3,93,F
2019,Jul,9,1,2,A,4,73,V
2019,Jul,9,1,2,A,5,62,V
2019,Jul,9,1,2,A,6,56,V
2019,Jul,9,1,2,A,7,54,F
2019,Jul,9,1,2,A,8,39,V
2019,Jul,9,1,2,A,9,,
2019,Jul,9,1,2,A,10,,
2019,Jul,9,1,2,B,1,104,F
2019,Jul,9,1,2,B,2,90,F
2019,Jul,9,1,2,B,3,92,F
2019,Jul,9,1,2,B,4,111,F
2019,Jul,9,1,2,B,5,110,F
2019,Jul,9,1,2,B,6,108,F
2019,Jul,9,1,2,B,7,160,M
2019,Jul,9,1,2,B,8,166,F
2019,Jul,9,1,2,B,9,179,F
2019,Jul,9,1,2,B,10,95,F
2019,Jul,9,1,2,C,1,124,F
2019,Jul,9,1,2,C,2,106,F
2019,Jul,9,1,2,C,3,101,F
2019,Jul,9,1,2,C,4,113,F
2019,Jul,9,1,2,C,5,113,F
2019,Jul,9,1,2,C,6,99,F
2019,Jul,9,1,2,C,7,95,F
2019,Jul,9,1,2,C,8,92,F
2019,Jul,9,1,2,C,9,91,F
2019,Jul,9,1,2,C,10,70,F
2019,Jul,9,1,2,D,1,101,F
2019,Jul,9,1,2,D,2,133,F
2019,Jul,9,1,2,D,3,153,F
2019,Jul,9,1,2,D,4,155,F
2019,Jul,9,1,2,D,5,122,F
2019,Jul,9,1,2,D,6,125,F
2019,Jul,9,1,2,D,7,129,F
2019,Jul,9,1,2,D,8,131,F
2019,Jul,9,1,2,D,9,153,F
2019,Jul,9,1,2,D,10,135,F
2019,Jul,9,2,3,A,1,164,V
2019,Jul,9,2,3,A,2,172,V
2019,Jul,9,2,3,A,3,160,V
2019,Jul,9,2,3,A,4,165,V
2019,Jul,9,2,3,A,5,175,V
2019,Jul,9,2,3,A,6,166,V
2019,Jul,9,2,3,A,7,138,V
2019,Jul,9,2,3,A,8,163,V
2019,Jul,9,2,3,A,9,162,V
2019,Jul,9,2,3,A,10,173,V
2019,Jul,9,2,3,B,1,104,F
2019,Jul,9,2,3,B,2,109,F
2019,Jul,9,2,3,B,3,98,F
2019,Jul,9,2,3,B,4,95,F
2019,Jul,9,2,3,B,5,119,F
2019,Jul,9,2,3,B,6,83,F
2019,Jul,9,2,3,B,7,94,F
2019,Jul,9,2,3,B,8,95,F
2019,Jul,9,2,3,B,9,114,F
2019,Jul,9,2,3,B,10,106,F
2019,Jul,9,2,3,C,1,125,F
2019,Jul,9,2,3,C,2,158,F
2019,Jul,9,2,3,C,3,131,F
2019,Jul,9,2,3,C,4,112,F
2019,Jul,9,2,3,C,5,143,F
2019,Jul,9,2,3,C,6,144,F
2019,Jul,9,2,3,C,7,165,F
2019,Jul,9,2,3,C,8,107,F
2019,Jul,9,2,3,C,9,95,F
2019,Jul,9,2,3,C,10,90,F
2019,Jul,9,2,3,D,1,137,F
2019,Jul,9,2,3,D,2,130,V
2019,Jul,9,2,3,D,3,90,V
2019,Jul,9,2,3,D,4,132,V
2019,Jul,9,2,3,D,5,149,V
2019,Jul,9,2,3,D,6,143,V
2019,Jul,9,2,3,D,7,137,V
2019,Jul,9,2,3,D,8,,
2019,Jul,9,2,3,D,9,,
2019,Jul,9,2,3,D,10,,
2019,Jul,9,2,4,A,1,99,F
2019,Jul,9,2,4,A,2,78,F
2019,Jul,9,2,4,A,3,83,F
2019,Jul,9,2,4,A,4,79,F
2019,Jul,9,2,4,A,5,74,F
2019,Jul,9,2,4,A,6,87,F
2019,Jul,9,2,4,A,7,84,F
2019,Jul,9,2,4,A,8,97,F
2019,Jul,9,2,4,A,9,81,F
2019,Jul,9,2,4,A,10,78,F
2019,Jul,9,2,4,B,1,206,V
2019,Jul,9,2,4,B,2,212,V
2019,Jul,9,2,4,B,3,209,V
2019,Jul,9,2,4,B,4,239,V
2019,Jul,9,2,4,B,5,235,V
2019,Jul,9,2,4,B,6,223,V
2019,Jul,9,2,4,B,7,221,V
2019,Jul,9,2,4,B,8,212,V
2019,Jul,9,2,4,B,9,236,V
2019,Jul,9,2,4,B,10,212,V
2019,Jul,9,2,4,C,1,238,V
2019,Jul,9,2,4,C,2,234,V
2019,Jul,9,2,4,C,3,227,V
2019,Jul,9,2,4,C,4,223,V
2019,Jul,9,2,4,C,5,194,V
2019,Jul,9,2,4,C,6,185,V
2019,Jul,9,2,4,C,7,235,V
2019,Jul,9,2,4,C,8,237,V
2019,Jul,9,2,4,C,9,236,V
2019,Jul,9,2,4,C,10,254,V
2019,Jul,9,2,4,D,1,121,F
2019,Jul,9,2,4,D,2,115,F
2019,Jul,9,2,4,D,3,104,F
2019,Jul,9,2,4,D,4,114,V
2019,Jul,9,2,4,D,5,105,F
2019,Jul,9,2,4,D,6,156,F
2019,Jul,9,2,4,D,7,161,F
2019,Jul,9,2,4,D,8,103,V
2019,Jul,9,2,4,D,9,143,V
2019,Jul,9,2,4,D,10,141,V
2019,Jul,9,3,1,A,1,142,F
2019,Jul,9,3,1,A,2,160,F
2019,Jul,9,3,1,A,3,150,F
2019,Jul,9,3,1,A,4,198,F
2019,Jul,9,3,1,A,5,134,F
2019,Jul,9,3,1,A,6,131,F
2019,Jul,9,3,1,A,7,192,F
2019,Jul,9,3,1,A,8,161,F
2019,Jul,9,3,1,A,9,165,F
2019,Jul,9,3,1,A,10,120,F
2019,Jul,9,3,1,B,1,157,V
2019,Jul,9,3,1,B,2,166,V
2019,Jul,9,3,1,B,3,160,V
2019,Jul,9,3,1,B,4,164,V
2019,Jul,9,3,1,B,5,147,V
2019,Jul,9,3,1,B,6,156,V
2019,Jul,9,3,1,B,7,146,V
2019,Jul,9,3,1,B,8,155,V
2019,Jul,9,3,1,B,9,161,V
2019,Jul,9,3,1,B,10,177,V
2019,Jul,9,3,1,C,1,178,V
2019,Jul,9,3,1,C,2,143,V
2019,Jul,9,3,1,C,3,135,V
2019,Jul,9,3,1,C,4,145,V
2019,Jul,9,3,1,C,5,146,V
2019,Jul,9,3,1,C,6,164,V
2019,Jul,9,3,1,C,7,154,V
2019,Jul,9,3,1,C,8,144,V
2019,Jul,9,3,1,C,9,161,V
2019,Jul,9,3,1,C,10,157,V
2019,Jul,9,3,1,D,1,66,F
2019,Jul,9,3,1,D,2,50,F
2019,Jul,9,3,1,D,3,73,F
2019,Jul,9,3,1,D,4,82,F
2019,Jul,9,3,1,D,5,74,F
2019,Jul,9,3,1,D,6,81,F
2019,Jul,9,3,1,D,7,83,F
2019,Jul,9,3,1,D,8,78,F
2019,Jul,9,3,1,D,9,107,F
2019,Jul,9,3,1,D,10,140,F
2019,Jul,9,3,2,A,1,,
2019,Jul,9,3,2,A,2,,
2019,Jul,9,3,2,A,3,,
2019,Jul,9,3,2,A,4,,
2019,Jul,9,3,2,A,5,,
2019,Jul,9,3,2,A,6,,
2019,Jul,9,3,2,A,7,,
2019,Jul,9,3,2,A,8,,
2019,Jul,9,3,2,A,9,,
2019,Jul,9,3,2,A,10,,
2019,Jul,9,3,2,B,1,231,V
2019,Jul,9,3,2,B,2,216,V
2019,Jul,9,3,2,B,3,221,V
2019,Jul,9,3,2,B,4,209,V
2019,Jul,9,3,2,B,5,219,V
2019,Jul,9,3,2,B,6,201,V
2019,Jul,9,3,2,B,7,206,V
2019,Jul,9,3,2,B,8,218,V
2019,Jul,9,3,2,B,9,219,V
2019,Jul,9,3,2,B,10,222,V
2019,Jul,9,3,2,C,1,,
2019,Jul,9,3,2,C,2,,
2019,Jul,9,3,2,C,3,,
2019,Jul,9,3,2,C,4,,
2019,Jul,9,3,2,C,5,,
2019,Jul,9,3,2,C,6,,
2019,Jul,9,3,2,C,7,,
2019,Jul,9,3,2,C,8,,
2019,Jul,9,3,2,C,9,,
2019,Jul,9,3,2,C,10,,
2019,Jul,9,3,2,D,1,81,F
2019,Jul,9,3,2,D,2,76,F
2019,Jul,9,3,2,D,3,113,F
2019,Jul,9,3,2,D,4,103,F
2019,Jul,9,3,2,D,5,58,F
2019,Jul,9,3,2,D,6,74,F
2019,Jul,9,3,2,D,7,74,F
2019,Jul,9,3,2,D,8,63,F
2019,Jul,9,3,2,D,9,56,F
2019,Jul,9,3,2,D,10,60,F
2019,Jul,9,4,3,A,1,147,V
2019,Jul,9,4,3,A,2,116,F
2019,Jul,9,4,3,A,3,131,V
2019,Jul,9,4,3,A,4,155,V
2019,Jul,9,4,3,A,5,101,F
2019,Jul,9,4,3,A,6,80,V
2019,Jul,9,4,3,A,7,,
2019,Jul,9,4,3,A,8,,
2019,Jul,9,4,3,A,9,,
2019,Jul,9,4,3,A,10,,
2019,Jul,9,4,3,B,1,90,F
2019,Jul,9,4,3,B,2,80,F
2019,Jul,9,4,3,B,3,96,F
2019,Jul,9,4,3,B,4,98,F
2019,Jul,9,4,3,B,5,58,F
2019,Jul,9,4,3,B,6,63,F
2019,Jul,9,4,3,B,7,80,F
2019,Jul,9,4,3,B,8,111,F
2019,Jul,9,4,3,B,9,132,F
2019,Jul,9,4,3,B,10,76,F
2019,Jul,9,4,3,C,1,276,V
2019,Jul,9,4,3,C,2,269,V
2019,Jul,9,4,3,C,3,266,V
2019,Jul,9,4,3,C,4,243,V
2019,Jul,9,4,3,C,5,246,V
2019,Jul,9,4,3,C,6,256,V
2019,Jul,9,4,3,C,7,260,V
2019,Jul,9,4,3,C,8,280,V
2019,Jul,9,4,3,C,9,245,V
2019,Jul,9,4,3,C,10,258,V
2019,Jul,9,4,3,D,1,263,V
2019,Jul,9,4,3,D,2,254,V
2019,Jul,9,4,3,D,3,247,V
2019,Jul,9,4,3,D,4,233,V
2019,Jul,9,4,3,D,5,239,V
2019,Jul,9,4,3,D,6,257,V
2019,Jul,9,4,3,D,7,244,V
2019,Jul,9,4,3,D,8,243,V
2019,Jul,9,4,3,D,9,221,V
2019,Jul,9,4,3,D,10,245,V
2019,Jul,9,4,4,A,1,119,F
2019,Jul,9,4,4,A,2,134,F
2019,Jul,9,4,4,A,3,118,F
2019,Jul,9,4,4,A,4,120,F
2019,Jul,9,4,4,A,5,123,F
2019,Jul,9,4,4,A,6,135,F
2019,Jul,9,4,4,A,7,122,F
2019,Jul,9,4,4,A,8,143,F
2019,Jul,9,4,4,A,9,121,F
2019,Jul,9,4,4,A,10,149,F
2019,Jul,9,4,4,B,1,162,F
2019,Jul,9,4,4,B,2,143,F
2019,Jul,9,4,4,B,3,172,F
2019,Jul,9,4,4,B,4,143,F
2019,Jul,9,4,4,B,5,123,F
2019,Jul,9,4,4,B,6,120,F
2019,Jul,9,4,4,B,7,113,F
2019,Jul,9,4,4,B,8,121,F
2019,Jul,9,4,4,B,9,116,F
2019,Jul,9,4,4,B,10,123,F
2019,Jul,9,4,4,C,1,108,F
2019,Jul,9,4,4,C,2,119,V
2019,Jul,9,4,4,C,3,110,F
2019,Jul,9,4,4,C,4,77,V
2019,Jul,9,4,4,C,5,111,F
2019,Jul,9,4,4,C,6,130,V
2019,Jul,9,4,4,C,7,76,V
2019,Jul,9,4,4,C,8,103,F
2019,Jul,9,4,4,C,9,122,V
2019,Jul,9,4,4,C,10,123,F
2019,Jul,9,4,4,D,1,114,V
2019,Jul,9,4,4,D,2,110,V
2019,Jul,9,4,4,D,3,201,V
2019,Jul,9,4,4,D,4,187,V
2019,Jul,9,4,4,D,5,190,V
2019,Jul,9,4,4,D,6,196,V
2019,Jul,9,4,4,D,7,175,V
2019,Jul,9,4,4,D,8,198,V
2019,Jul,9,4,4,D,9,172,V
2019,Jul,9,4,4,D,10,177,V
2019,Jul,19,1,1,A,1,161,V
2019,Jul,19,1,1,A,2,151,V
2019,Jul,19,1,1,A,3,153,V
2019,Jul,19,1,1,A,4,142,V
2019,Jul,19,1,1,A,5,150,V
2019,Jul,19,1,1,A,6,157,V
2019,Jul,19,1,1,A,7,147,V
2019,Jul,19,1,1,A,8,147,V
2019,Jul,19,1,1,A,9,153,V
2019,Jul,19,1,1,A,10,145,V
2019,Jul,19,1,1,B,1,172,V
2019,Jul,19,1,1,B,2,152,V
2019,Jul,19,1,1,B,3,148,V
2019,Jul,19,1,1,B,4,145,V
2019,Jul,19,1,1,B,5,156,V
2019,Jul,19,1,1,B,6,147,V
2019,Jul,19,1,1,B,7,147,V
2019,Jul,19,1,1,B,8,157,V
2019,Jul,19,1,1,B,9,138,V
2019,Jul,19,1,1,B,10,136,V
2019,Jul,19,1,1,C,1,197,V
2019,Jul,19,1,1,C,2,185,V
2019,Jul,19,1,1,C,3,194,V
2019,Jul,19,1,1,C,4,167,V
2019,Jul,19,1,1,C,5,161,V
2019,Jul,19,1,1,C,6,147,V
2019,Jul,19,1,1,C,7,196,V
2019,Jul,19,1,1,C,8,199,V
2019,Jul,19,1,1,C,9,154,V
2019,Jul,19,1,1,C,10,197,V
2019,Jul,19,1,1,D,1,109,V
2019,Jul,19,1,1,D,2,115,V
2019,Jul,19,1,1,D,3,131,V
2019,Jul,19,1,1,D,4,108,V
2019,Jul,19,1,1,D,5,147,F
2019,Jul,19,1,1,D,6,161,V
2019,Jul,19,1,1,D,7,143,F
2019,Jul,19,1,1,D,8,165,V
2019,Jul,19,1,1,D,9,,
2019,Jul,19,1,1,D,10,,
2019,Jul,19,1,2,A,1,80,F
2019,Jul,19,1,2,A,2,66,V
2019,Jul,19,1,2,A,3,100,F
2019,Jul,19,1,2,A,4,80,F
2019,Jul,19,1,2,A,5,58,F
2019,Jul,19,1,2,A,6,41,V
2019,Jul,19,1,2,A,7,68,V
2019,Jul,19,1,2,A,8,56,V
2019,Jul,19,1,2,A,9,,
2019,Jul,19,1,2,A,10,,
2019,Jul,19,1,2,B,1,114,F
2019,Jul,19,1,2,B,2,105,F
2019,Jul,19,1,2,B,3,90,F
2019,Jul,19,1,2,B,4,91,F
2019,Jul,19,1,2,B,5,113,F
2019,Jul,19,1,2,B,6,112,F
2019,Jul,19,1,2,B,7,146,F
2019,Jul,19,1,2,B,8,105,F
2019,Jul,19,1,2,B,9,97,F
2019,Jul,19,1,2,B,10,107,F
2019,Jul,19,1,2,C,1,81,F
2019,Jul,19,1,2,C,2,114,F
2019,Jul,19,1,2,C,3,107,F
2019,Jul,19,1,2,C,4,125,F
2019,Jul,19,1,2,C,5,106,F
2019,Jul,19,1,2,C,6,70,F
2019,Jul,19,1,2,C,7,96,F
2019,Jul,19,1,2,C,8,93,F
2019,Jul,19,1,2,C,9,84,F
2019,Jul,19,1,2,C,10,84,F
2019,Jul,19,1,2,D,1,125,F
2019,Jul,19,1,2,D,2,135,F
2019,Jul,19,1,2,D,3,152,F
2019,Jul,19,1,2,D,4,156,F
2019,Jul,19,1,2,D,5,115,F
2019,Jul,19,1,2,D,6,130,F
2019,Jul,19,1,2,D,7,182,F
2019,Jul,19,1,2,D,8,153,F
2019,Jul,19,1,2,D,9,156,F
2019,Jul,19,1,2,D,10,113,F
2019,Jul,19,2,3,A,1,167,V
2019,Jul,19,2,3,A,2,181,V
2019,Jul,19,2,3,A,3,178,V
2019,Jul,19,2,3,A,4,182,V
2019,Jul,19,2,3,A,5,174,V
2019,Jul,19,2,3,A,6,179,V
2019,Jul,19,2,3,A,7,140,V
2019,Jul,19,2,3,A,8,188,V
2019,Jul,19,2,3,A,9,152,V
2019,Jul,19,2,3,A,10,175,V
2019,Jul,19,2,3,B,1,154,F
2019,Jul,19,2,3,B,2,106,F
2019,Jul,19,2,3,B,3,106,F
2019,Jul,19,2,3,B,4,84,F
2019,Jul,19,2,3,B,5,86,F
2019,Jul,19,2,3,B,6,109,F
2019,Jul,19,2,3,B,7,111,F
2019,Jul,19,2,3,B,8,116,F
2019,Jul,19,2,3,B,9,96,F
2019,Jul,19,2,3,B,10,120,F
2019,Jul,19,2,3,C,1,157,F
2019,Jul,19,2,3,C,2,141,F
2019,Jul,19,2,3,C,3,155,F
2019,Jul,19,2,3,C,4,168,F
2019,Jul,19,2,3,C,5,130,F
2019,Jul,19,2,3,C,6,115,F
2019,Jul,19,2,3,C,7,190,F
2019,Jul,19,2,3,C,8,105,F
2019,Jul,19,2,3,C,9,104,F
2019,Jul,19,2,3,C,10,99,F
2019,Jul,19,2,3,D,1,141,F
2019,Jul,19,2,3,D,2,146,V
2019,Jul,19,2,3,D,3,152,F
2019,Jul,19,2,3,D,4,146,F
2019,Jul,19,2,3,D,5,101,F
2019,Jul,19,2,3,D,6,156,V
2019,Jul,19,2,3,D,7,151,F
2019,Jul,19,2,3,D,8,,
2019,Jul,19,2,3,D,9,,
2019,Jul,19,2,3,D,10,,
2019,Jul,19,2,4,A,1,76,F
2019,Jul,19,2,4,A,2,73,F
2019,Jul,19,2,4,A,3,81,F
2019,Jul,19,2,4,A,4,62,F
2019,Jul,19,2,4,A,5,73,F
2019,Jul,19,2,4,A,6,87,F
2019,Jul,19,2,4,A,7,109,F
2019,Jul,19,2,4,A,8,77,F
2019,Jul,19,2,4,A,9,82,F
2019,Jul,19,2,4,A,10,70,F
2019,Jul,19,2,4,B,1,151,V
2019,Jul,19,2,4,B,2,131,V
2019,Jul,19,2,4,B,3,129,V
2019,Jul,19,2,4,B,4,122,V
2019,Jul,19,2,4,B,5,198,V
2019,Jul,19,2,4,B,6,129,V
2019,Jul,19,2,4,B,7,121,V
2019,Jul,19,2,4,B,8,122,V
2019,Jul,19,2,4,B,9,113,V
2019,Jul,19,2,4,B,10,112,V
2019,Jul,19,2,4,C,1,266,V
2019,Jul,19,2,4,C,2,248,V
2019,Jul,19,2,4,C,3,236,V
2019,Jul,19,2,4,C,4,251,V
2019,Jul,19,2,4,C,5,239,V
2019,Jul,19,2,4,C,6,215,V
2019,Jul,19,2,4,C,7,235,V
2019,Jul,19,2,4,C,8,262,V
2019,Jul,19,2,4,C,9,241,V
2019,Jul,19,2,4,C,10,285,V
2019,Jul,19,2,4,D,1,116,F
2019,Jul,19,2,4,D,2,130,F
2019,Jul,19,2,4,D,3,131,F
2019,Jul,19,2,4,D,4,135,F
2019,Jul,19,2,4,D,5,158,F
2019,Jul,19,2,4,D,6,153,F
2019,Jul,19,2,4,D,7,161,F
2019,Jul,19,2,4,D,8,118,V
2019,Jul,19,2,4,D,9,155,V
2019,Jul,19,2,4,D,10,144,F
2019,Jul,19,3,1,A,1,123,F
2019,Jul,19,3,1,A,2,119,F
2019,Jul,19,3,1,A,3,124,F
2019,Jul,19,3,1,A,4,130,F
2019,Jul,19,3,1,A,5,190,F
2019,Jul,19,3,1,A,6,169,F
2019,Jul,19,3,1,A,7,107,F
2019,Jul,19,3,1,A,8,144,F
2019,Jul,19,3,1,A,9,159,F
2019,Jul,19,3,1,A,10,138,F
2019,Jul,19,3,1,B,1,186,V
2019,Jul,19,3,1,B,2,162,V
2019,Jul,19,3,1,B,3,172,V
2019,Jul,19,3,1,B,4,161,V
2019,Jul,19,3,1,B,5,175,V
2019,Jul,19,3,1,B,6,165,V
2019,Jul,19,3,1,B,7,161,V
2019,Jul,19,3,1,B,8,150,V
2019,Jul,19,3,1,B,9,147,V
2019,Jul,19,3,1,B,10,161,V
2019,Jul,19,3,1,C,1,183,V
2019,Jul,19,3,1,C,2,160,V
2019,Jul,19,3,1,C,3,190,V
2019,Jul,19,3,1,C,4,172,V
2019,Jul,19,3,1,C,5,144,V
2019,Jul,19,3,1,C,6,152,V
2019,Jul,19,3,1,C,7,165,V
2019,Jul,19,3,1,C,8,156,V
2019,Jul,19,3,1,C,9,163,V
2019,Jul,19,3,1,C,10,154,V
2019,Jul,19,3,1,D,1,105,F
2019,Jul,19,3,1,D,2,93,F
2019,Jul,19,3,1,D,3,74,F
2019,Jul,19,3,1,D,4,75,F
2019,Jul,19,3,1,D,5,69,F
2019,Jul,19,3,1,D,6,63,F
2019,Jul,19,3,1,D,7,93,F
2019,Jul,19,3,1,D,8,84,F
2019,Jul,19,3,1,D,9,95,F
2019,Jul,19,3,1,D,10,75,F
2019,Jul,19,3,2,A,1,,
2019,Jul,19,3,2,A,2,,
2019,Jul,19,3,2,A,3,,
2019,Jul,19,3,2,A,4,,
2019,Jul,19,3,2,A,5,,
2019,Jul,19,3,2,A,6,,
2019,Jul,19,3,2,A,7,,
2019,Jul,19,3,2,A,8,,
2019,Jul,19,3,2,A,9,,
2019,Jul,19,3,2,A,10,,
2019,Jul,19,3,2,B,1,248,V
2019,Jul,19,3,2,B,2,229,V
2019,Jul,19,3,2,B,3,232,V
2019,Jul,19,3,2,B,4,240,V
2019,Jul,19,3,2,B,5,227,V
2019,Jul,19,3,2,B,6,230,V
2019,Jul,19,3,2,B,7,240,V
2019,Jul,19,3,2,B,8,214,V
2019,Jul,19,3,2,B,9,239,V
2019,Jul,19,3,2,B,10,251,V
2019,Jul,19,3,2,C,1,,
2019,Jul,19,3,2,C,2,,
2019,Jul,19,3,2,C,3,,
2019,Jul,19,3,2,C,4,,
2019,Jul,19,3,2,C,5,,
2019,Jul,19,3,2,C,6,,
2019,Jul,19,3,2,C,7,,
2019,Jul,19,3,2,C,8,,
2019,Jul,19,3,2,C,9,,
2019,Jul,19,3,2,C,10,,
2019,Jul,19,3,2,D,1,88,F
2019,Jul,19,3,2,D,2,112,F
2019,Jul,19,3,2,D,3,75,F
2019,Jul,19,3,2,D,4,79,F
2019,Jul,19,3,2,D,5,66,F
2019,Jul,19,3,2,D,6,65,F
2019,Jul,19,3,2,D,7,103,F
2019,Jul,19,3,2,D,8,63,F
2019,Jul,19,3,2,D,9,56,F
2019,Jul,19,3,2,D,10,42,F
2019,Jul,19,4,3,A,1,81,F
2019,Jul,19,4,3,A,2,122,F
2019,Jul,19,4,3,A,3,149,F
2019,Jul,19,4,3,A,4,176,F
2019,Jul,19,4,3,A,5,123,V
2019,Jul,19,4,3,A,6,94,F
2019,Jul,19,4,3,A,7,,
2019,Jul,19,4,3,A,8,,
2019,Jul,19,4,3,A,9,,
2019,Jul,19,4,3,A,10,,
2019,Jul,19,4,3,B,1,57,F
2019,Jul,19,4,3,B,2,63,F
2019,Jul,19,4,3,B,3,90,F
2019,Jul,19,4,3,B,4,100,F
2019,Jul,19,4,3,B,5,82,F
2019,Jul,19,4,3,B,6,64,F
2019,Jul,19,4,3,B,7,80,F
2019,Jul,19,4,3,B,8,93,F
2019,Jul,19,4,3,B,9,72,F
2019,Jul,19,4,3,B,10,64,F
2019,Jul,19,4,3,C,1,311,V
2019,Jul,19,4,3,C,2,280,V
2019,Jul,19,4,3,C,3,256,V
2019,Jul,19,4,3,C,4,270,V
2019,Jul,19,4,3,C,5,285,V
2019,Jul,19,4,3,C,6,288,V
2019,Jul,19,4,3,C,7,278,V
2019,Jul,19,4,3,C,8,272,V
2019,Jul,19,4,3,C,9,280,V
2019,Jul,19,4,3,C,10,279,V
2019,Jul,19,4,3,D,1,317,V
2019,Jul,19,4,3,D,2,273,V
2019,Jul,19,4,3,D,3,277,V
2019,Jul,19,4,3,D,4,274,V
2019,Jul,19,4,3,D,5,226,V
2019,Jul,19,4,3,D,6,240,V
2019,Jul,19,4,3,D,7,259,V
2019,Jul,19,4,3,D,8,258,V
2019,Jul,19,4,3,D,9,242,V
2019,Jul,19,4,3,D,10,275,V
2019,Jul,19,4,4,A,1,141,F
2019,Jul,19,4,4,A,2,143,F
2019,Jul,19,4,4,A,3,124,F
2019,Jul,19,4,4,A,4,108,F
2019,Jul,19,4,4,A,5,98,F
2019,Jul,19,4,4,A,6,98,F
2019,Jul,19,4,4,A,7,131,F
2019,Jul,19,4,4,A,8,136,F
2019,Jul,19,4,4,A,9,130,F
2019,Jul,19,4,4,A,10,118,F
2019,Jul,19,4,4,B,1,139,F
2019,Jul,19,4,4,B,2,172,F
2019,Jul,19,4,4,B,3,133,F
2019,Jul,19,4,4,B,4,135,F
2019,Jul,19,4,4,B,5,147,F
2019,Jul,19,4,4,B,6,123,F
2019,Jul,19,4,4,B,7,142,F
2019,Jul,19,4,4,B,8,137,F
2019,Jul,19,4,4,B,9,144,F
2019,Jul,19,4,4,B,10,132,F
2019,Jul,19,4,4,C,1,24,F
2019,Jul,19,4,4,C,2,30,V
2019,Jul,19,4,4,C,3,109,F
2019,Jul,19,4,4,C,4,116,F
2019,Jul,19,4,4,C,5,78,F
2019,Jul,19,4,4,C,6,137,V
2019,Jul,19,4,4,C,7,108,F
2019,Jul,19,4,4,C,8,133,F
2019,Jul,19,4,4,C,9,139,F
2019,Jul,19,4,4,C,10,192,V
2019,Jul,19,4,4,D,1,195,V
2019,Jul,19,4,4,D,2,203,V
2019,Jul,19,4,4,D,3,204,V
2019,Jul,19,4,4,D,4,216,V
2019,Jul,19,4,4,D,5,211,V
2019,Jul,19,4,4,D,6,202,V
2019,Jul,19,4,4,D,7,196,V
2019,Jul,19,4,4,D,8,190,V
2019,Jul,19,4,4,D,9,117,V
2019,Jul,19,4,4,D,10,106,V
2019,Jul,24,1,1,A,1,136,V
2019,Jul,24,1,1,A,2,166,V
2019,Jul,24,1,1,A,3,163,V
2019,Jul,24,1,1,A,4,149,V
2019,Jul,24,1,1,A,5,148,V
2019,Jul,24,1,1,A,6,163,V
2019,Jul,24,1,1,A,7,134,V
2019,Jul,24,1,1,A,8,146,V
2019,Jul,24,1,1,A,9,153,V
2019,Jul,24,1,1,A,10,133,V
2019,Jul,24,1,1,B,1,163,V
2019,Jul,24,1,1,B,2,174,V
2019,Jul,24,1,1,B,3,154,V
2019,Jul,24,1,1,B,4,156,V
2019,Jul,24,1,1,B,5,152,V
2019,Jul,24,1,1,B,6,159,V
2019,Jul,24,1,1,B,7,143,V
2019,Jul,24,1,1,B,8,156,V
2019,Jul,24,1,1,B,9,155,V
2019,Jul,24,1,1,B,10,156,V
2019,Jul,24,1,1,C,1,204,V
2019,Jul,24,1,1,C,2,192,V
2019,Jul,24,1,1,C,3,203,V
2019,Jul,24,1,1,C,4,159,V
2019,Jul,24,1,1,C,5,168,V
2019,Jul,24,1,1,C,6,137,V
2019,Jul,24,1,1,C,7,197,V
2019,Jul,24,1,1,C,8,161,V
2019,Jul,24,1,1,C,9,201,V
2019,Jul,24,1,1,C,10,159,V
2019,Jul,24,1,1,D,1,114,F
2019,Jul,24,1,1,D,2,123,F
2019,Jul,24,1,1,D,3,136,F
2019,Jul,24,1,1,D,4,111,F
2019,Jul,24,1,1,D,5,148,F
2019,Jul,24,1,1,D,6,168,F
2019,Jul,24,1,1,D,7,168,F
2019,Jul,24,1,1,D,8,149,F
2019,Jul,24,1,1,D,9,,
2019,Jul,24,1,1,D,10,,
2019,Jul,24,1,2,A,1,83,F
2019,Jul,24,1,2,A,2,68,V
2019,Jul,24,1,2,A,3,102,F
2019,Jul,24,1,2,A,4,82,F
2019,Jul,24,1,2,A,5,73,V
2019,Jul,24,1,2,A,6,60,V
2019,Jul,24,1,2,A,7,59,F
2019,Jul,24,1,2,A,8,43,F
2019,Jul,24,1,2,A,9,,
2019,Jul,24,1,2,A,10,,
2019,Jul,24,1,2,B,1,,
2019,Jul,24,1,2,B,2,,
2019,Jul,24,1,2,B,3,,
2019,Jul,24,1,2,B,4,,
2019,Jul,24,1,2,B,5,,
2019,Jul,24,1,2,B,6,,
2019,Jul,24,1,2,B,7,,
2019,Jul,24,1,2,B,8,,
2019,Jul,24,1,2,B,9,,
2019,Jul,24,1,2,B,10,,
2019,Jul,24,1,2,C,1,,
2019,Jul,24,1,2,C,2,,
2019,Jul,24,1,2,C,3,,
2019,Jul,24,1,2,C,4,,
2019,Jul,24,1,2,C,5,,
2019,Jul,24,1,2,C,6,,
2019,Jul,24,1,2,C,7,,
2019,Jul,24,1,2,C,8,,
2019,Jul,24,1,2,C,9,,
2019,Jul,24,1,2,C,10,,
2019,Jul,24,1,2,D,1,148,F
2019,Jul,24,1,2,D,2,129,F
2019,Jul,24,1,2,D,3,143,F
2019,Jul,24,1,2,D,4,124,F
2019,Jul,24,1,2,D,5,105,F
2019,Jul,24,1,2,D,6,135,F
2019,Jul,24,1,2,D,7,156,F
2019,Jul,24,1,2,D,8,114,F
2019,Jul,24,1,2,D,9,124,F
2019,Jul,24,1,2,D,10,157,F
2019,Jul,24,2,3,A,1,189,V
2019,Jul,24,2,3,A,2,182,V
2019,Jul,24,2,3,A,3,190,V
2019,Jul,24,2,3,A,4,192,V
2019,Jul,24,2,3,A,5,183,V
2019,Jul,24,2,3,A,6,192,V
2019,Jul,24,2,3,A,7,168,V
2019,Jul,24,2,3,A,8,152,V
2019,Jul,24,2,3,A,9,179,V
2019,Jul,24,2,3,A,10,175,V
2019,Jul,24,2,3,B,1,90,F
2019,Jul,24,2,3,B,2,94,F
2019,Jul,24,2,3,B,3,110,F
2019,Jul,24,2,3,B,4,119,F
2019,Jul,24,2,3,B,5,103,F
2019,Jul,24,2,3,B,6,108,F
2019,Jul,24,2,3,B,7,95,F
2019,Jul,24,2,3,B,8,100,F
2019,Jul,24,2,3,B,9,87,F
2019,Jul,24,2,3,B,10,107,F
2019,Jul,24,2,3,C,1,157,F
2019,Jul,24,2,3,C,2,130,F
2019,Jul,24,2,3,C,3,144,F
2019,Jul,24,2,3,C,4,114,F
2019,Jul,24,2,3,C,5,144,F
2019,Jul,24,2,3,C,6,154,F
2019,Jul,24,2,3,C,7,132,F
2019,Jul,24,2,3,C,8,126,F
2019,Jul,24,2,3,C,9,107,F
2019,Jul,24,2,3,C,10,167,F
2019,Jul,24,2,3,D,1,147,F
2019,Jul,24,2,3,D,2,150,F
2019,Jul,24,2,3,D,3,106,F
2019,Jul,24,2,3,D,4,158,F
2019,Jul,24,2,3,D,5,162,F
2019,Jul,24,2,3,D,6,151,F
2019,Jul,24,2,3,D,7,154,F
2019,Jul,24,2,3,D,8,,
2019,Jul,24,2,3,D,9,,
2019,Jul,24,2,3,D,10,,
2019,Jul,24,2,4,A,1,,
2019,Jul,24,2,4,A,2,,
2019,Jul,24,2,4,A,3,,
2019,Jul,24,2,4,A,4,,
2019,Jul,24,2,4,A,5,,
2019,Jul,24,2,4,A,6,,
2019,Jul,24,2,4,A,7,,
2019,Jul,24,2,4,A,8,,
2019,Jul,24,2,4,A,9,,
2019,Jul,24,2,4,A,10,,
2019,Jul,24,2,4,B,1,234,V
2019,Jul,24,2,4,B,2,228,V
2019,Jul,24,2,4,B,3,257,V
2019,Jul,24,2,4,B,4,253,V
2019,Jul,24,2,4,B,5,232,V
2019,Jul,24,2,4,B,6,244,V
2019,Jul,24,2,4,B,7,253,V
2019,Jul,24,2,4,B,8,210,V
2019,Jul,24,2,4,B,9,222,V
2019,Jul,24,2,4,B,10,260,V
2019,Jul,24,2,4,C,1,249,V
2019,Jul,24,2,4,C,2,238,V
2019,Jul,24,2,4,C,3,223,V
2019,Jul,24,2,4,C,4,242,V
2019,Jul,24,2,4,C,5,245,V
2019,Jul,24,2,4,C,6,247,V
2019,Jul,24,2,4,C,7,250,V
2019,Jul,24,2,4,C,8,278,V
2019,Jul,24,2,4,C,9,272,V
2019,Jul,24,2,4,C,10,242,V
2019,Jul,24,2,4,D,1,119,F
2019,Jul,24,2,4,D,2,132,F
2019,Jul,24,2,4,D,3,130,F
2019,Jul,24,2,4,D,4,145,F
2019,Jul,24,2,4,D,5,159,F
2019,Jul,24,2,4,D,6,178,F
2019,Jul,24,2,4,D,7,124,V
2019,Jul,24,2,4,D,8,170,F
2019,Jul,24,2,4,D,9,152,F
2019,Jul,24,2,4,D,10,147,F
2019,Jul,24,3,1,A,1,134,F
2019,Jul,24,3,1,A,2,166,F
2019,Jul,24,3,1,A,3,139,F
2019,Jul,24,3,1,A,4,158,F
2019,Jul,24,3,1,A,5,131,F
2019,Jul,24,3,1,A,6,188,F
2019,Jul,24,3,1,A,7,123,F
2019,Jul,24,3,1,A,8,122,F
2019,Jul,24,3,1,A,9,105,F
2019,Jul,24,3,1,A,10,114,F
2019,Jul,24,3,1,B,1,196,V
2019,Jul,24,3,1,B,2,171,V
2019,Jul,24,3,1,B,3,183,V
2019,Jul,24,3,1,B,4,177,V
2019,Jul,24,3,1,B,5,178,V
2019,Jul,24,3,1,B,6,176,V
2019,Jul,24,3,1,B,7,190,V
2019,Jul,24,3,1,B,8,223,V
2019,Jul,24,3,1,B,9,175,V
2019,Jul,24,3,1,B,10,177,V
2019,Jul,24,3,1,C,1,172,V
2019,Jul,24,3,1,C,2,176,V
2019,Jul,24,3,1,C,3,179,V
2019,Jul,24,3,1,C,4,150,V
2019,Jul,24,3,1,C,5,162,V
2019,Jul,24,3,1,C,6,148,V
2019,Jul,24,3,1,C,7,149,V
2019,Jul,24,3,1,C,8,164,V
2019,Jul,24,3,1,C,9,179,V
2019,Jul,24,3,1,C,10,161,V
2019,Jul,24,3,1,D,1,,
2019,Jul,24,3,1,D,2,,
2019,Jul,24,3,1,D,3,,
2019,Jul,24,3,1,D,4,,
2019,Jul,24,3,1,D,5,,
2019,Jul,24,3,1,D,6,,
2019,Jul,24,3,1,D,7,,
2019,Jul,24,3,1,D,8,,
2019,Jul,24,3,1,D,9,,
2019,Jul,24,3,1,D,10,,
2019,Jul,24,3,2,A,1,,
2019,Jul,24,3,2,A,2,,
2019,Jul,24,3,2,A,3,,
2019,Jul,24,3,2,A,4,,
2019,Jul,24,3,2,A,5,,
2019,Jul,24,3,2,A,6,,
2019,Jul,24,3,2,A,7,,
2019,Jul,24,3,2,A,8,,
2019,Jul,24,3,2,A,9,,
2019,Jul,24,3,2,A,10,,
2019,Jul,24,3,2,B,1,233,V
2019,Jul,24,3,2,B,2,258,V
2019,Jul,24,3,2,B,3,254,V
2019,Jul,24,3,2,B,4,243,V
2019,Jul,24,3,2,B,5,223,V
2019,Jul,24,3,2,B,6,244,V
2019,Jul,24,3,2,B,7,240,V
2019,Jul,24,3,2,B,8,246,V
2019,Jul,24,3,2,B,9,241,V
2019,Jul,24,3,2,B,10,254,V
2019,Jul,24,3,2,C,1,,
2019,Jul,24,3,2,C,2,,
2019,Jul,24,3,2,C,3,,
2019,Jul,24,3,2,C,4,,
2019,Jul,24,3,2,C,5,,
2019,Jul,24,3,2,C,6,,
2019,Jul,24,3,2,C,7,,
2019,Jul,24,3,2,C,8,,
2019,Jul,24,3,2,C,9,,
2019,Jul,24,3,2,C,10,,
2019,Jul,24,3,2,D,1,,
2019,Jul,24,3,2,D,2,,
2019,Jul,24,3,2,D,3,,
2019,Jul,24,3,2,D,4,,
2019,Jul,24,3,2,D,5,,
2019,Jul,24,3,2,D,6,,
2019,Jul,24,3,2,D,7,,
2019,Jul,24,3,2,D,8,,
2019,Jul,24,3,2,D,9,,
2019,Jul,24,3,2,D,10,,
2019,Jul,24,4,3,A,1,190,F
2019,Jul,24,4,3,A,2,122,F
2019,Jul,24,4,3,A,3,158,F
2019,Jul,24,4,3,A,4,190,F
2019,Jul,24,4,3,A,5,131,F
2019,Jul,24,4,3,A,6,96,F
2019,Jul,24,4,3,A,7,,
2019,Jul,24,4,3,A,8,,
2019,Jul,24,4,3,A,9,,
2019,Jul,24,4,3,A,10,,
2019,Jul,24,4,3,B,1,,
2019,Jul,24,4,3,B,2,,
2019,Jul,24,4,3,B,3,,
2019,Jul,24,4,3,B,4,,
2019,Jul,24,4,3,B,5,,
2019,Jul,24,4,3,B,6,,
2019,Jul,24,4,3,B,7,,
2019,Jul,24,4,3,B,8,,
2019,Jul,24,4,3,B,9,,
2019,Jul,24,4,3,B,10,,
2019,Jul,24,4,3,C,1,267,V
2019,Jul,24,4,3,C,2,289,V
2019,Jul,24,4,3,C,3,299,V
2019,Jul,24,4,3,C,4,265,V
2019,Jul,24,4,3,C,5,301,V
2019,Jul,24,4,3,C,6,302,V
2019,Jul,24,4,3,C,7,276,V
2019,Jul,24,4,3,C,8,340,V
2019,Jul,24,4,3,C,9,288,V
2019,Jul,24,4,3,C,10,285,V
2019,Jul,24,4,3,D,1,280,V
2019,Jul,24,4,3,D,2,279,V
2019,Jul,24,4,3,D,3,246,V
2019,Jul,24,4,3,D,4,253,V
2019,Jul,24,4,3,D,5,352,V
2019,Jul,24,4,3,D,6,355,V
2019,Jul,24,4,3,D,7,347,V
2019,Jul,24,4,3,D,8,253,V
2019,Jul,24,4,3,D,9,272,V
2019,Jul,24,4,3,D,10,248,V
2019,Jul,24,4,4,A,1,,
2019,Jul,24,4,4,A,2,,
2019,Jul,24,4,4,A,3,,
2019,Jul,24,4,4,A,4,,
2019,Jul,24,4,4,A,5,,
2019,Jul,24,4,4,A,6,,
2019,Jul,24,4,4,A,7,,
2019,Jul,24,4,4,A,8,,
2019,Jul,24,4,4,A,9,,
2019,Jul,24,4,4,A,10,,
2019,Jul,24,4,4,B,1,165,V
2019,Jul,24,4,4,B,2,126,V
2019,Jul,24,4,4,B,3,143,V
2019,Jul,24,4,4,B,4,142,V
2019,Jul,24,4,4,B,5,152,V
2019,Jul,24,4,4,B,6,129,V
2019,Jul,24,4,4,B,7,133,V
2019,Jul,24,4,4,B,8,153,V
2019,Jul,24,4,4,B,9,173,V
2019,Jul,24,4,4,B,10,121,V
2019,Jul,24,4,4,C,1,130,V
2019,Jul,24,4,4,C,2,126,F
2019,Jul,24,4,4,C,3,119,F
2019,Jul,24,4,4,C,4,86,V
2019,Jul,24,4,4,C,5,79,F
2019,Jul,24,4,4,C,6,142,V
2019,Jul,24,4,4,C,7,111,F
2019,Jul,24,4,4,C,8,150,F
2019,Jul,24,4,4,C,9,134,F
2019,Jul,24,4,4,C,10,199,V
2019,Jul,24,4,4,D,1,212,V
2019,Jul,24,4,4,D,2,221,V
2019,Jul,24,4,4,D,3,214,V
2019,Jul,24,4,4,D,4,206,V
2019,Jul,24,4,4,D,5,211,V
2019,Jul,24,4,4,D,6,200,V
2019,Jul,24,4,4,D,7,230,V
2019,Jul,24,4,4,D,8,221,V
2019,Jul,24,4,4,D,9,214,V
2019,Jul,24,4,4,D,10,202,V
2019,Jul,31,1,1,A,1,187,V
2019,Jul,31,1,1,A,2,159,V
2019,Jul,31,1,1,A,3,190,V
2019,Jul,31,1,1,A,4,188,V
2019,Jul,31,1,1,A,5,169,V
2019,Jul,31,1,1,A,6,184,V
2019,Jul,31,1,1,A,7,192,V
2019,Jul,31,1,1,A,8,195,V
2019,Jul,31,1,1,A,9,189,V
2019,Jul,31,1,1,A,10,182,V
2019,Jul,31,1,1,B,1,178,V
2019,Jul,31,1,1,B,2,184,V
2019,Jul,31,1,1,B,3,179,V
2019,Jul,31,1,1,B,4,190,V
2019,Jul,31,1,1,B,5,192,V
2019,Jul,31,1,1,B,6,197,V
2019,Jul,31,1,1,B,7,179,V
2019,Jul,31,1,1,B,8,181,V
2019,Jul,31,1,1,B,9,168,V
2019,Jul,31,1,1,B,10,162,V
2019,Jul,31,1,1,C,1,184,V
2019,Jul,31,1,1,C,2,163,V
2019,Jul,31,1,1,C,3,202,V
2019,Jul,31,1,1,C,4,166,V
2019,Jul,31,1,1,C,5,173,V
2019,Jul,31,1,1,C,6,212,V
2019,Jul,31,1,1,C,7,215,V
2019,Jul,31,1,1,C,8,210,V
2019,Jul,31,1,1,C,9,223,V
2019,Jul,31,1,1,C,10,184,V
2019,Jul,31,1,1,D,1,131,F
2019,Jul,31,1,1,D,2,95,F
2019,Jul,31,1,1,D,3,115,F
2019,Jul,31,1,1,D,4,112,F
2019,Jul,31,1,1,D,5,148,F
2019,Jul,31,1,1,D,6,130,F
2019,Jul,31,1,1,D,7,179,F
2019,Jul,31,1,1,D,8,156,F
2019,Jul,31,1,1,D,9,173,F
2019,Jul,31,1,1,D,10,181,F
2019,Jul,31,1,2,A,1,83,F
2019,Jul,31,1,2,A,2,42,F
2019,Jul,31,1,2,A,3,76,F
2019,Jul,31,1,2,A,4,57,F
2019,Jul,31,1,2,A,5,103,F
2019,Jul,31,1,2,A,6,87,F
2019,Jul,31,1,2,A,7,74,F
2019,Jul,31,1,2,A,8,63,F
2019,Jul,31,1,2,A,9,,
2019,Jul,31,1,2,A,10,,
2019,Jul,31,1,2,B,1,,
2019,Jul,31,1,2,B,2,,
2019,Jul,31,1,2,B,3,,
2019,Jul,31,1,2,B,4,,
2019,Jul,31,1,2,B,5,,
2019,Jul,31,1,2,B,6,,
2019,Jul,31,1,2,B,7,,
2019,Jul,31,1,2,B,8,,
2019,Jul,31,1,2,B,9,,
2019,Jul,31,1,2,B,10,,
2019,Jul,31,1,2,C,1,,
2019,Jul,31,1,2,C,2,,
2019,Jul,31,1,2,C,3,,
2019,Jul,31,1,2,C,4,,
2019,Jul,31,1,2,C,5,,
2019,Jul,31,1,2,C,6,,
2019,Jul,31,1,2,C,7,,
2019,Jul,31,1,2,C,8,,
2019,Jul,31,1,2,C,9,,
2019,Jul,31,1,2,C,10,,
2019,Jul,31,1,2,D,1,,
2019,Jul,31,1,2,D,2,,
2019,Jul,31,1,2,D,3,,
2019,Jul,31,1,2,D,4,,
2019,Jul,31,1,2,D,5,,
2019,Jul,31,1,2,D,6,,
2019,Jul,31,1,2,D,7,,
2019,Jul,31,1,2,D,8,,
2019,Jul,31,1,2,D,9,,
2019,Jul,31,1,2,D,10,,
2019,Jul,31,2,3,A,1,212,V
2019,Jul,31,2,3,A,2,209,V
2019,Jul,31,2,3,A,3,174,V
2019,Jul,31,2,3,A,4,160,V
2019,Jul,31,2,3,A,5,214,V
2019,Jul,31,2,3,A,6,193,V
2019,Jul,31,2,3,A,7,229,V
2019,Jul,31,2,3,A,8,210,V
2019,Jul,31,2,3,A,9,220,V
2019,Jul,31,2,3,A,10,191,V
2019,Jul,31,2,3,B,1,,
2019,Jul,31,2,3,B,2,,
2019,Jul,31,2,3,B,3,,
2019,Jul,31,2,3,B,4,,
2019,Jul,31,2,3,B,5,,
2019,Jul,31,2,3,B,6,,
2019,Jul,31,2,3,B,7,,
2019,Jul,31,2,3,B,8,,
2019,Jul,31,2,3,B,9,,
2019,Jul,31,2,3,B,10,,
2019,Jul,31,2,3,C,1,,
2019,Jul,31,2,3,C,2,,
2019,Jul,31,2,3,C,3,,
2019,Jul,31,2,3,C,4,,
2019,Jul,31,2,3,C,5,,
2019,Jul,31,2,3,C,6,,
2019,Jul,31,2,3,C,7,,
2019,Jul,31,2,3,C,8,,
2019,Jul,31,2,3,C,9,,
2019,Jul,31,2,3,C,10,,
2019,Jul,31,2,3,D,1,146,F
2019,Jul,31,2,3,D,2,167,F
2019,Jul,31,2,3,D,3,112,F
2019,Jul,31,2,3,D,4,174,F
2019,Jul,31,2,3,D,5,162,F
2019,Jul,31,2,3,D,6,155,F
2019,Jul,31,2,3,D,7,151,F
2019,Jul,31,2,3,D,8,,
2019,Jul,31,2,3,D,9,,
2019,Jul,31,2,3,D,10,,
2019,Jul,31,2,4,A,1,,
2019,Jul,31,2,4,A,2,,
2019,Jul,31,2,4,A,3,,
2019,Jul,31,2,4,A,4,,
2019,Jul,31,2,4,A,5,,
2019,Jul,31,2,4,A,6,,
2019,Jul,31,2,4,A,7,,
2019,Jul,31,2,4,A,8,,
2019,Jul,31,2,4,A,9,,
2019,Jul,31,2,4,A,10,,
2019,Jul,31,2,4,B,1,243,V
2019,Jul,31,2,4,B,2,250,V
2019,Jul,31,2,4,B,3,257,V
2019,Jul,31,2,4,B,4,246,V
2019,Jul,31,2,4,B,5,227,V
2019,Jul,31,2,4,B,6,228,V
2019,Jul,31,2,4,B,7,221,V
2019,Jul,31,2,4,B,8,272,V
2019,Jul,31,2,4,B,9,219,V
2019,Jul,31,2,4,B,10,229,V
2019,Jul,31,2,4,C,1,297,V
2019,Jul,31,2,4,C,2,273,V
2019,Jul,31,2,4,C,3,229,V
2019,Jul,31,2,4,C,4,246,V
2019,Jul,31,2,4,C,5,266,V
2019,Jul,31,2,4,C,6,236,V
2019,Jul,31,2,4,C,7,271,V
2019,Jul,31,2,4,C,8,235,V
2019,Jul,31,2,4,C,9,268,V
2019,Jul,31,2,4,C,10,278,V
2019,Jul,31,2,4,D,1,130,F
2019,Jul,31,2,4,D,2,134,F
2019,Jul,31,2,4,D,3,103,F
2019,Jul,31,2,4,D,4,122,F
2019,Jul,31,2,4,D,5,157,F
2019,Jul,31,2,4,D,6,161,F
2019,Jul,31,2,4,D,7,190,F
2019,Jul,31,2,4,D,8,132,F
2019,Jul,31,2,4,D,9,182,F
2019,Jul,31,2,4,D,10,154,F
2019,Jul,31,3,1,A,1,,
2019,Jul,31,3,1,A,2,,
2019,Jul,31,3,1,A,3,,
2019,Jul,31,3,1,A,4,,
2019,Jul,31,3,1,A,5,,
2019,Jul,31,3,1,A,6,,
2019,Jul,31,3,1,A,7,,
2019,Jul,31,3,1,A,8,,
2019,Jul,31,3,1,A,9,,
2019,Jul,31,3,1,A,10,,
2019,Jul,31,3,1,B,1,176,V
2019,Jul,31,3,1,B,2,177,V
2019,Jul,31,3,1,B,3,212,V
2019,Jul,31,3,1,B,4,194,V
2019,Jul,31,3,1,B,5,213,V
2019,Jul,31,3,1,B,6,160,V
2019,Jul,31,3,1,B,7,182,V
2019,Jul,31,3,1,B,8,188,V
2019,Jul,31,3,1,B,9,174,V
2019,Jul,31,3,1,B,10,176,V
2019,Jul,31,3,1,C,1,145,V
2019,Jul,31,3,1,C,2,166,V
2019,Jul,31,3,1,C,3,190,V
2019,Jul,31,3,1,C,4,189,V
2019,Jul,31,3,1,C,5,183,V
2019,Jul,31,3,1,C,6,191,V
2019,Jul,31,3,1,C,7,216,V
2019,Jul,31,3,1,C,8,164,V
2019,Jul,31,3,1,C,9,157,V
2019,Jul,31,3,1,C,10,162,V
2019,Jul,31,3,1,D,1,,
2019,Jul,31,3,1,D,2,,
2019,Jul,31,3,1,D,3,,
2019,Jul,31,3,1,D,4,,
2019,Jul,31,3,1,D,5,,
2019,Jul,31,3,1,D,6,,
2019,Jul,31,3,1,D,7,,
2019,Jul,31,3,1,D,8,,
2019,Jul,31,3,1,D,9,,
2019,Jul,31,3,1,D,10,,
2019,Jul,31,3,2,A,1,,
2019,Jul,31,3,2,A,2,,
2019,Jul,31,3,2,A,3,,
2019,Jul,31,3,2,A,4,,
2019,Jul,31,3,2,A,5,,
2019,Jul,31,3,2,A,6,,
2019,Jul,31,3,2,A,7,,
2019,Jul,31,3,2,A,8,,
2019,Jul,31,3,2,A,9,,
2019,Jul,31,3,2,A,10,,
2019,Jul,31,3,2,B,1,269,V
2019,Jul,31,3,2,B,2,260,V
2019,Jul,31,3,2,B,3,292,V
2019,Jul,31,3,2,B,4,259,V
2019,Jul,31,3,2,B,5,286,V
2019,Jul,31,3,2,B,6,277,V
2019,Jul,31,3,2,B,7,232,V
2019,Jul,31,3,2,B,8,258,V
2019,Jul,31,3,2,B,9,239,V
2019,Jul,31,3,2,B,10,271,V
2019,Jul,31,3,2,C,1,,
2019,Jul,31,3,2,C,2,,
2019,Jul,31,3,2,C,3,,
2019,Jul,31,3,2,C,4,,
2019,Jul,31,3,2,C,5,,
2019,Jul,31,3,2,C,6,,
2019,Jul,31,3,2,C,7,,
2019,Jul,31,3,2,C,8,,
2019,Jul,31,3,2,C,9,,
2019,Jul,31,3,2,C,10,,
2019,Jul,31,3,2,D,1,,
2019,Jul,31,3,2,D,2,,
2019,Jul,31,3,2,D,3,,
2019,Jul,31,3,2,D,4,,
2019,Jul,31,3,2,D,5,,
2019,Jul,31,3,2,D,6,,
2019,Jul,31,3,2,D,7,,
2019,Jul,31,3,2,D,8,,
2019,Jul,31,3,2,D,9,,
2019,Jul,31,3,2,D,10,,
2019,Jul,31,4,3,A,1,143,F
2019,Jul,31,4,3,A,2,98,F
2019,Jul,31,4,3,A,3,203,F
2019,Jul,31,4,3,A,4,167,F
2019,Jul,31,4,3,A,5,121,F
2019,Jul,31,4,3,A,6,207,F
2019,Jul,31,4,3,A,7,,
2019,Jul,31,4,3,A,8,,
2019,Jul,31,4,3,A,9,,
2019,Jul,31,4,3,A,10,,
2019,Jul,31,4,3,B,1,,
2019,Jul,31,4,3,B,2,,
2019,Jul,31,4,3,B,3,,
2019,Jul,31,4,3,B,4,,
2019,Jul,31,4,3,B,5,,
2019,Jul,31,4,3,B,6,,
2019,Jul,31,4,3,B,7,,
2019,Jul,31,4,3,B,8,,
2019,Jul,31,4,3,B,9,,
2019,Jul,31,4,3,B,10,,
2019,Jul,31,4,3,C,1,292,V
2019,Jul,31,4,3,C,2,330,V
2019,Jul,31,4,3,C,3,314,V
2019,Jul,31,4,3,C,4,327,V
2019,Jul,31,4,3,C,5,294,V
2019,Jul,31,4,3,C,6,287,V
2019,Jul,31,4,3,C,7,274,V
2019,Jul,31,4,3,C,8,307,V
2019,Jul,31,4,3,C,9,299,V
2019,Jul,31,4,3,C,10,205,V
2019,Jul,31,4,3,D,1,300,V
2019,Jul,31,4,3,D,2,312,V
2019,Jul,31,4,3,D,3,303,V
2019,Jul,31,4,3,D,4,351,V
2019,Jul,31,4,3,D,5,275,V
2019,Jul,31,4,3,D,6,289,V
2019,Jul,31,4,3,D,7,248,V
2019,Jul,31,4,3,D,8,280,V
2019,Jul,31,4,3,D,9,271,V
2019,Jul,31,4,3,D,10,249,V
2019,Jul,31,4,4,A,1,,
2019,Jul,31,4,4,A,2,,
2019,Jul,31,4,4,A,3,,
2019,Jul,31,4,4,A,4,,
2019,Jul,31,4,4,A,5,,
2019,Jul,31,4,4,A,6,,
2019,Jul,31,4,4,A,7,,
2019,Jul,31,4,4,A,8,,
2019,Jul,31,4,4,A,9,,
2019,Jul,31,4,4,A,10,,
2019,Jul,31,4,4,B,1,,
2019,Jul,31,4,4,B,2,,
2019,Jul,31,4,4,B,3,,
2019,Jul,31,4,4,B,4,,
2019,Jul,31,4,4,B,5,,
2019,Jul,31,4,4,B,6,,
2019,Jul,31,4,4,B,7,,
2019,Jul,31,4,4,B,8,,
2019,Jul,31,4,4,B,9,,
2019,Jul,31,4,4,B,10,,
2019,Jul,31,4,4,C,1,135,F
2019,Jul,31,4,4,C,2,160,F
2019,Jul,31,4,4,C,3,110,F
2019,Jul,31,4,4,C,4,144,F
2019,Jul,31,4,4,C,5,120,F
2019,Jul,31,4,4,C,6,141,V
2019,Jul,31,4,4,C,7,130,F
2019,Jul,31,4,4,C,8,109,F
2019,Jul,31,4,4,C,9,83,F
2019,Jul,31,4,4,C,10,212,F
2019,Jul,31,4,4,D,1,223,V
2019,Jul,31,4,4,D,2,191,V
2019,Jul,31,4,4,D,3,217,V
2019,Jul,31,4,4,D,4,233,V
2019,Jul,31,4,4,D,5,236,V
2019,Jul,31,4,4,D,6,200,V
2019,Jul,31,4,4,D,7,230,V
2019,Jul,31,4,4,D,8,170,V
2019,Jul,31,4,4,D,9,187,V
2019,Jul,31,4,4,D,10,208,V
